Entity,Code,Day,confirmed_cases,confirmed_deaths,icu_flow,hospital_flow
Germany,DEU,2020-10-01,9.4,2.8,,8.2
Germany,DEU,2020-10-02,10,3.1,,9.3
Germany,DEU,2020-10-03,10.7,3.4,,10.3
Germany,DEU,2020-10-04,11.1,3.9,,11.4
Germany,DEU,2020-10-05,12,4.4,,12
Germany,DEU,2020-10-06,12.9,4.6,,12.4
Germany,DEU,2020-10-07,14,4.9,,13.2
Germany,DEU,2020-10-08,15.1,5.5,,13.7
Germany,DEU,2020-10-09,16.2,5.8,,14.5
Germany,DEU,2020-10-10,17.2,6.6,,15.5
Germany,DEU,2020-10-11,18.1,7,,16.7
Germany,DEU,2020-10-12,19.5,7.5,,17.3
Germany,DEU,2020-10-13,21,8.2,,18
Germany,DEU,2020-10-14,22.9,9,,19.3
Germany,DEU,2020-10-15,24.8,10.2,,21.3
Germany,DEU,2020-10-16,26.9,11.8,,23.7
Germany,DEU,2020-10-17,28.6,13.9,,26.1
Germany,DEU,2020-10-18,30.3,15.6,,28.4
Germany,DEU,2020-10-19,32.9,16.6,,30.5
Germany,DEU,2020-10-20,36.1,17.8,,32
Germany,DEU,2020-10-21,39.7,19.7,,34.5
Germany,DEU,2020-10-22,43.2,21,,37.2
Germany,DEU,2020-10-23,46.8,22.4,,39.3
Germany,DEU,2020-10-24,49.9,22.9,,41.2
Germany,DEU,2020-10-25,52.4,23.7,,43.4
Germany,DEU,2020-10-26,55.7,24.5,,44.6
Germany,DEU,2020-10-27,58.5,25.5,,45.9
Germany,DEU,2020-10-28,61.2,27,,47.7
Germany,DEU,2020-10-29,63.4,27.9,,49.6
Germany,DEU,2020-10-30,65.3,28.2,,50.6
Germany,DEU,2020-10-31,66.2,28.8,,52
Germany,DEU,2020-11-01,67.5,29.2,,52.4
Germany,DEU,2020-11-02,69.2,29.5,,52.7
Germany,DEU,2020-11-03,70.4,29.3,,52.9
Germany,DEU,2020-11-04,70.9,29.8,,52.8
Germany,DEU,2020-11-05,71.6,31,,52.8
Germany,DEU,2020-11-06,72,32.9,,53.9
Germany,DEU,2020-11-07,72.7,34.9,,55.4
Germany,DEU,2020-11-08,72.1,37.5,,56.8
Germany,DEU,2020-11-09,71.7,39.2,,58.3
Germany,DEU,2020-11-10,71.8,40.4,,58.2
Germany,DEU,2020-11-11,72.3,41.7,,59.2
Germany,DEU,2020-11-12,72.9,43.3,,61.6
Germany,DEU,2020-11-13,73.5,44.9,,61.9
Germany,DEU,2020-11-14,73.5,46.5,,62.3
Germany,DEU,2020-11-15,73.4,47.2,,62.8
Germany,DEU,2020-11-16,73.2,47.3,,62
Germany,DEU,2020-11-17,73.3,47.7,,62.4
Germany,DEU,2020-11-18,73.5,48.4,,63.1
Germany,DEU,2020-11-19,73.6,48.7,,62.4
Germany,DEU,2020-11-20,73.5,49.7,,63.6
Germany,DEU,2020-11-21,72.8,50.6,,63.5
Germany,DEU,2020-11-22,72.4,52.1,,63.4
Germany,DEU,2020-11-23,71.9,53.8,,64.2
Germany,DEU,2020-11-24,71.3,54.5,,64.2
Germany,DEU,2020-11-25,70.7,55.9,,64
Germany,DEU,2020-11-26,70.1,58.5,,65
Germany,DEU,2020-11-27,69.5,60.7,,65.7
Germany,DEU,2020-11-28,70.2,64,,67.8
Germany,DEU,2020-11-29,70.3,66.5,,69.5
Germany,DEU,2020-11-30,70.5,68,,69.8
Germany,DEU,2020-12-01,71.4,69.8,,70.7
Germany,DEU,2020-12-02,72.5,72.6,,72.7
Germany,DEU,2020-12-03,74.6,75.5,,75.2
Germany,DEU,2020-12-04,76.6,77.2,,77.8
Germany,DEU,2020-12-05,78.1,80.7,,80.4
Germany,DEU,2020-12-06,80.1,83.1,,82.7
Germany,DEU,2020-12-07,82.7,86.8,,85.4
Germany,DEU,2020-12-08,85.3,88.4,,86.8
Germany,DEU,2020-12-09,87.8,90.8,,88.5
Germany,DEU,2020-12-10,90,93.1,,90.7
Germany,DEU,2020-12-11,92.2,96.3,,92.7
Germany,DEU,2020-12-12,94.4,96.9,,93.7
Germany,DEU,2020-12-13,95.4,97.6,,95.8
Germany,DEU,2020-12-14,96.8,96.9,,96.2
Germany,DEU,2020-12-15,97.8,98.1,,96.6
Germany,DEU,2020-12-16,99.2,98.7,,97.2
Germany,DEU,2020-12-17,99.6,98.9,,98.9
Germany,DEU,2020-12-18,100,100,,100
Germany,DEU,2020-12-19,99.4,95.1,,93.5
Germany,DEU,2020-12-20,99.5,89.2,,85.2
Germany,DEU,2020-12-21,98.2,87.6,,83.8
Germany,DEU,2020-12-22,97.2,86,,84.9
Germany,DEU,2020-12-23,96.4,85.8,,85.1
Germany,DEU,2020-12-24,91.7,86.4,,86.6
Germany,DEU,2020-12-25,84.6,86.2,,85.6
Germany,DEU,2020-12-26,81.2,85.2,,86.3
Germany,DEU,2020-12-27,79.6,83.9,,85.4
Germany,DEU,2020-12-28,78.5,82.9,,85.1
Germany,DEU,2020-12-29,77.3,82.4,,84.4
Germany,DEU,2020-12-30,75.4,79.6,,83.2
Germany,DEU,2020-12-31,74,77.4,,80.4
Germany,DEU,2021-01-01,73.4,73.7,,77.8
Germany,DEU,2021-01-02,72.9,75.9,,81.8
Germany,DEU,2021-01-03,72.7,80.6,,88.8
Germany,DEU,2021-01-04,71.9,80.1,,88.6
Germany,DEU,2021-01-05,71.6,79.5,,86
Germany,DEU,2021-01-06,70.3,77.6,,84
Germany,DEU,2021-01-07,72,76,,81.8
Germany,DEU,2021-01-08,76,76.1,,80.9
Germany,DEU,2021-01-09,76.4,75.4,,79.2
Germany,DEU,2021-01-10,74.9,74.3,,77.3
Germany,DEU,2021-01-11,73.2,73.6,,76.4
Germany,DEU,2021-01-12,71.2,72.7,,76.2
Germany,DEU,2021-01-13,69.9,72.3,,74.6
Germany,DEU,2021-01-14,68,70.7,,73.2
Germany,DEU,2021-01-15,65.7,68.3,,72.7
Germany,DEU,2021-01-16,64.6,65.6,,71
Germany,DEU,2021-01-17,63.7,63.3,,69.5
Germany,DEU,2021-01-18,62.1,61.8,,69.2
Germany,DEU,2021-01-19,60.5,59.6,,68.1
Germany,DEU,2021-01-20,58.6,57.1,,67.3
Germany,DEU,2021-01-21,57,53.7,,65.1
Germany,DEU,2021-01-22,55.3,50.5,,63.7
Germany,DEU,2021-01-23,54.1,47.7,,62
Germany,DEU,2021-01-24,52.9,45,,60.4
Germany,DEU,2021-01-25,51.2,43.7,,58.5
Germany,DEU,2021-01-26,49.6,42.4,,57.9
Germany,DEU,2021-01-27,47.7,40.9,,56.5
Germany,DEU,2021-01-28,46,39.1,,55.2
Germany,DEU,2021-01-29,44.8,37.8,,53
Germany,DEU,2021-01-30,43.9,36.5,,52.4
Germany,DEU,2021-01-31,43.1,34.8,,50.9
Germany,DEU,2021-02-01,42.2,33.4,,50.4
Germany,DEU,2021-02-02,40.6,32.7,,49.7
Germany,DEU,2021-02-03,39.6,31.1,,48
Germany,DEU,2021-02-04,38.5,29.7,,45.8
Germany,DEU,2021-02-05,37.2,27.7,,44.3
Germany,DEU,2021-02-06,36.2,26.3,,42.1
Germany,DEU,2021-02-07,35.3,25.2,,41.1
Germany,DEU,2021-02-08,34.2,24.5,,39.8
Germany,DEU,2021-02-09,32.9,24.1,,40
Germany,DEU,2021-02-10,31.6,23.8,,39.6
Germany,DEU,2021-02-11,30.6,23.3,,39.8
Germany,DEU,2021-02-12,30.1,23.2,,39.2
Germany,DEU,2021-02-13,29.3,22.7,,39.4
Germany,DEU,2021-02-14,29.5,22.4,,38.9
Germany,DEU,2021-02-15,29.7,22.2,,39.8
Germany,DEU,2021-02-16,29.8,22.2,,39.4
Germany,DEU,2021-02-17,29.9,21.9,,39.2
Germany,DEU,2021-02-18,30.3,21,,38.7
Germany,DEU,2021-02-19,30.6,20,,38.7
Germany,DEU,2021-02-20,31.4,19.2,,38
Germany,DEU,2021-02-21,31.4,18.5,,37.9
Germany,DEU,2021-02-22,31.6,18.2,,37.4
Germany,DEU,2021-02-23,32,18,,37
Germany,DEU,2021-02-24,32.2,17.4,,36.7
Germany,DEU,2021-02-25,32.2,16.8,,36.3
Germany,DEU,2021-02-26,32.4,16.1,,35.5
Germany,DEU,2021-02-27,32.4,15.7,,34.7
Germany,DEU,2021-02-28,32.7,15.6,,34.2
Germany,DEU,2021-03-01,33.1,15.6,,34.1
Germany,DEU,2021-03-02,33.3,15.7,,33.9
Germany,DEU,2021-03-03,33.8,15.7,,33.5
Germany,DEU,2021-03-04,34.2,15.6,,33.6
Germany,DEU,2021-03-05,34.6,16,,33.9
Germany,DEU,2021-03-06,35.1,16.6,,35.2
Germany,DEU,2021-03-07,35.6,17,,35.9
Germany,DEU,2021-03-08,36.4,17,,36.7
Germany,DEU,2021-03-09,37.4,17.2,,37.5
Germany,DEU,2021-03-10,39,17.3,,38.6
Germany,DEU,2021-03-11,40.7,17.9,,39.9
Germany,DEU,2021-03-12,42.6,18.2,,41.1
Germany,DEU,2021-03-13,44.3,18.6,,41.9
Germany,DEU,2021-03-14,45.7,19.1,,43.3
Germany,DEU,2021-03-15,47.4,19.5,,43.6
Germany,DEU,2021-03-16,49.5,19.8,,44.2
Germany,DEU,2021-03-17,51.6,20,,45.1
Germany,DEU,2021-03-18,53.2,21.1,,46.3
Germany,DEU,2021-03-19,54.8,21.7,,48.2
Germany,DEU,2021-03-20,56.2,22.3,,49.7
Germany,DEU,2021-03-21,57.4,22.8,,51
Germany,DEU,2021-03-22,59,23.2,,52.2
Germany,DEU,2021-03-23,60.9,23.4,,52.7
Germany,DEU,2021-03-24,62.8,24.3,,53.8
Germany,DEU,2021-03-25,65,23.9,,54.4
Germany,DEU,2021-03-26,66.8,24,,55.2
Germany,DEU,2021-03-27,67.7,24.2,,55.3
Germany,DEU,2021-03-28,67.9,23.5,,53.5
Germany,DEU,2021-03-29,68.2,23.9,,52.9
Germany,DEU,2021-03-30,68.1,23.9,,53.1
Germany,DEU,2021-03-31,67.9,22.9,,51.2
Germany,DEU,2021-04-01,68.1,23.2,,50
Germany,DEU,2021-04-02,66.6,23.1,,51.6
Germany,DEU,2021-04-03,65.2,23.1,,53.2
Germany,DEU,2021-04-04,65.5,23.5,,56.4
Germany,DEU,2021-04-05,63.9,23.8,,57.5
Germany,DEU,2021-04-06,63.2,23.5,,58.1
Germany,DEU,2021-04-07,63.9,24.3,,60.7
Germany,DEU,2021-04-08,65.2,24,,63
Germany,DEU,2021-04-09,68,24,,61.8
Germany,DEU,2021-04-10,71,23.6,,60.8
Germany,DEU,2021-04-11,71.9,23.8,,60.1
Germany,DEU,2021-04-12,75.2,23.4,,60
Germany,DEU,2021-04-13,78.4,24,,59.9
Germany,DEU,2021-04-14,80,23.7,,60.5
Germany,DEU,2021-04-15,79.8,24.1,,61
Germany,DEU,2021-04-16,80.5,24.1,,60.9
Germany,DEU,2021-04-17,80.7,24.2,,61.6
Germany,DEU,2021-04-18,81.5,23.9,,61.8
Germany,DEU,2021-04-19,81.9,23.7,,61.8
Germany,DEU,2021-04-20,82.9,22.9,,61.2
Germany,DEU,2021-04-21,83.4,22.4,,60
Germany,DEU,2021-04-22,83.7,21.1,,58.1
Germany,DEU,2021-04-23,83.3,20.6,,56.6
Germany,DEU,2021-04-24,82.8,19.5,,54.6
Germany,DEU,2021-04-25,81.8,18.8,,53
Germany,DEU,2021-04-26,80.5,18.1,,52.2
Germany,DEU,2021-04-27,78.3,17.9,,51.6
Germany,DEU,2021-04-28,76.2,17.2,,50.5
Germany,DEU,2021-04-29,73.8,17.1,,49
Germany,DEU,2021-04-30,71.6,16.1,,47.6
Germany,DEU,2021-05-01,69.6,15.5,,46.2
Germany,DEU,2021-05-02,68.1,15.1,,44.7
Germany,DEU,2021-05-03,65.9,14.1,,43
Germany,DEU,2021-05-04,63.9,13.6,,42.2
Germany,DEU,2021-05-05,61.3,13.2,,40.8
Germany,DEU,2021-05-06,59.2,12.1,,39.5
Germany,DEU,2021-05-07,56.8,11.5,,37.8
Germany,DEU,2021-05-08,54.7,10.7,,34.7
Germany,DEU,2021-05-09,53.3,9.5,,31.9
Germany,DEU,2021-05-10,51.3,9.4,,31.3
Germany,DEU,2021-05-11,48.7,9,,31
Germany,DEU,2021-05-12,46.3,8.1,,29.9
Germany,DEU,2021-05-13,43.1,7.5,,27.7
Germany,DEU,2021-05-14,40,7,,25.7
Germany,DEU,2021-05-15,38.1,6.8,,25.1
Germany,DEU,2021-05-16,36.8,6.4,,24.6
Germany,DEU,2021-05-17,34.9,5.9,,22.8
Germany,DEU,2021-05-18,33,5.6,,21.3
Germany,DEU,2021-05-19,30.7,5,,18.8
Germany,DEU,2021-05-20,29.8,4.7,,16.7
Germany,DEU,2021-05-21,28.8,4.4,,15.6
Germany,DEU,2021-05-22,27.1,3.8,,14.7
Germany,DEU,2021-05-23,25.6,3.7,,13.8
Germany,DEU,2021-05-24,23.5,3.3,,13.3
Germany,DEU,2021-05-25,20.9,3.1,,13.1
Germany,DEU,2021-05-26,19.3,2.9,,13.4
Germany,DEU,2021-05-27,18.3,2.7,,13
Germany,DEU,2021-05-28,17.2,2.4,,11.5
Germany,DEU,2021-05-29,16.3,2.1,,10.4
Germany,DEU,2021-05-30,15.8,1.8,,9.4
Germany,DEU,2021-05-31,15.5,1.9,,8.9
Germany,DEU,2021-06-01,15.2,1.8,,8.7
Germany,DEU,2021-06-02,14.3,1.7,,8.3
Germany,DEU,2021-06-03,12.9,1.4,,7.7
Germany,DEU,2021-06-04,11.7,1.2,,7.3
Germany,DEU,2021-06-05,11,1.1,,7.1
Germany,DEU,2021-06-06,10.6,1.1,,6.9
Germany,DEU,2021-06-07,10.1,0.8,,6.4
Germany,DEU,2021-06-08,9.4,0.8,,6.2
Germany,DEU,2021-06-09,8.6,0.8,,5.9
Germany,DEU,2021-06-10,8.2,0.8,,5.3
Germany,DEU,2021-06-11,7.7,0.8,,4.9
Germany,DEU,2021-06-12,7.2,0.7,,4.5
Germany,DEU,2021-06-13,6.8,0.8,,4.2
Germany,DEU,2021-06-14,6.3,0.7,,4.2
Germany,DEU,2021-06-15,5.6,0.7,,4
Germany,DEU,2021-06-16,5.1,0.5,,3.8
Germany,DEU,2021-06-17,4.5,0.5,,3.6
Germany,DEU,2021-06-18,4.2,0.5,,3.4
Germany,DEU,2021-06-19,3.9,0.5,,3.2
Germany,DEU,2021-06-20,3.7,0.3,,3
Germany,DEU,2021-06-21,3.5,0.3,,2.8
Germany,DEU,2021-06-22,3.3,0.3,,2.8
Germany,DEU,2021-06-23,3.1,0.3,,2.6
Germany,DEU,2021-06-24,3,0.3,,2.5
Germany,DEU,2021-06-25,2.8,0.3,,2.5
Germany,DEU,2021-06-26,2.8,0.4,,2.5
Germany,DEU,2021-06-27,2.7,0.3,,2.5
Germany,DEU,2021-06-28,2.7,0.4,,2.4
Germany,DEU,2021-06-29,2.6,0.4,,2.4
Germany,DEU,2021-06-30,2.7,0.3,,2.5
Germany,DEU,2021-07-01,2.7,0.4,,2.5
Germany,DEU,2021-07-02,2.7,0.4,,2.5
Germany,DEU,2021-07-03,2.7,0.4,,2.4
Germany,DEU,2021-07-04,2.8,0.4,,2.6
Germany,DEU,2021-07-05,2.9,0.4,,2.8
Germany,DEU,2021-07-06,3.1,0.5,,2.8
Germany,DEU,2021-07-07,3.2,0.5,,2.8
Germany,DEU,2021-07-08,3.4,0.5,,2.8
Germany,DEU,2021-07-09,3.6,0.4,,3
Germany,DEU,2021-07-10,3.8,0.5,,3
Germany,DEU,2021-07-11,4.1,0.5,,3
Germany,DEU,2021-07-12,4.4,0.5,,3
Germany,DEU,2021-07-13,4.7,0.5,,3.2
Germany,DEU,2021-07-14,5.1,0.4,,3.4
Germany,DEU,2021-07-15,5.4,0.5,,3.6
Germany,DEU,2021-07-16,5.7,0.5,,3.8
Germany,DEU,2021-07-17,6,0.5,,4.1
Germany,DEU,2021-07-18,6.2,0.5,,4.3
Germany,DEU,2021-07-19,6.5,0.6,,4.5
Germany,DEU,2021-07-20,6.8,0.6,,4.5
Germany,DEU,2021-07-21,7.1,0.7,,4.4
Germany,DEU,2021-07-22,7.3,0.9,,4.9
Germany,DEU,2021-07-23,7.6,0.9,,5.2
Germany,DEU,2021-07-24,7.8,1,,5.4
Germany,DEU,2021-07-25,8,1.1,,5.7
Germany,DEU,2021-07-26,8.3,1.1,,5.8
Germany,DEU,2021-07-27,8.6,1.2,,6
Germany,DEU,2021-07-28,9,1.3,,6.6
Germany,DEU,2021-07-29,9.2,1.3,,6.7
Germany,DEU,2021-07-30,9.4,1.4,,6.8
Germany,DEU,2021-07-31,9.7,1.4,,7.1
Germany,DEU,2021-08-01,10,1.4,,7.3
Germany,DEU,2021-08-02,10.5,1.6,,7.6
Germany,DEU,2021-08-03,10.9,1.7,,7.7
Germany,DEU,2021-08-04,11.4,1.7,,8.1
Germany,DEU,2021-08-05,12.1,1.9,,8.9
Germany,DEU,2021-08-06,12.9,1.9,,9.8
Germany,DEU,2021-08-07,13.6,2.1,,10.7
Germany,DEU,2021-08-08,14.1,2.4,,11.6
Germany,DEU,2021-08-09,15,2.5,,12.2
Germany,DEU,2021-08-10,16.1,2.6,,12.7
Germany,DEU,2021-08-11,17.3,2.6,,13.7
Germany,DEU,2021-08-12,18.4,2.7,,14.7
Germany,DEU,2021-08-13,19.7,3,,15.6
Germany,DEU,2021-08-14,21,3.2,,16.3
Germany,DEU,2021-08-15,22,3.3,,16.9
Germany,DEU,2021-08-16,23.4,3.3,,17.5
Germany,DEU,2021-08-17,24.7,3.5,,18
Germany,DEU,2021-08-18,26.3,4,,19
Germany,DEU,2021-08-19,27.8,4.2,,20.4
Germany,DEU,2021-08-20,29.6,4.5,,21.7
Germany,DEU,2021-08-21,30.9,4.9,,22.5
Germany,DEU,2021-08-22,31.9,5,,23.3
Germany,DEU,2021-08-23,33.2,5.4,,24.1
Germany,DEU,2021-08-24,34.8,5.4,,24.3
Germany,DEU,2021-08-25,36.3,5.4,,24.1
Germany,DEU,2021-08-26,37.6,5.8,,24.3
Germany,DEU,2021-08-27,38,6.2,,24.4
Germany,DEU,2021-08-28,38.6,6.2,,24.6
Germany,DEU,2021-08-29,38.7,6.5,,24.9
Germany,DEU,2021-08-30,39.3,6.4,,24.9
Germany,DEU,2021-08-31,40.1,6.6,,24.8
Germany,DEU,2021-09-01,41.3,6.7,,25
Germany,DEU,2021-09-02,41.7,6.5,,25.1
Germany,DEU,2021-09-03,42.6,6.3,,25.1
Germany,DEU,2021-09-04,43,6.3,,25.3
Germany,DEU,2021-09-05,43.3,6.3,,25.3
Germany,DEU,2021-09-06,43,6.4,,25.1
Germany,DEU,2021-09-07,43,6.3,,25
Germany,DEU,2021-09-08,42.4,6.3,,24.8
Germany,DEU,2021-09-09,42,6.3,,24
Germany,DEU,2021-09-10,41.3,6.2,,23.6
Germany,DEU,2021-09-11,40.4,6,,22.8
Germany,DEU,2021-09-12,39.7,5.8,,22.1
Germany,DEU,2021-09-13,38.9,5.4,,21.5
Germany,DEU,2021-09-14,38.1,5.3,,21.1
Germany,DEU,2021-09-15,36.7,5.2,,20.5
Germany,DEU,2021-09-16,35.8,5.1,,19.9
Germany,DEU,2021-09-17,34.5,5,,19.3
Germany,DEU,2021-09-18,33.7,5.2,,19.3
Germany,DEU,2021-09-19,33.3,5.2,,19
Germany,DEU,2021-09-20,32.8,5.3,,18.8
Germany,DEU,2021-09-21,32,5.5,,18.8
Germany,DEU,2021-09-22,31.7,5.7,,19
Germany,DEU,2021-09-23,31.4,5.7,,19.7
Germany,DEU,2021-09-24,31.6,5.8,,19.9
Germany,DEU,2021-09-25,31.8,5.8,,19.5
Germany,DEU,2021-09-26,32.1,6,,19.4
Germany,DEU,2021-09-27,32.4,6.1,,19.4
Germany,DEU,2021-09-28,32.9,6.1,,19.3
Germany,DEU,2021-09-29,33.1,6.4,,19
Germany,DEU,2021-09-30,33.1,6.5,,18.4
Germany,DEU,2021-10-01,33,6.7,,18.3
Germany,DEU,2021-10-02,33.1,7.1,,18.7
Germany,DEU,2021-10-03,33.2,7.4,,19.3
Germany,DEU,2021-10-04,33.4,7.5,,19.7
Germany,DEU,2021-10-05,33.4,7.6,,19.8
Germany,DEU,2021-10-06,33.5,7.7,,20.5
Germany,DEU,2021-10-07,33.8,8.1,,21
Germany,DEU,2021-10-08,34.3,8.3,,21.2
Germany,DEU,2021-10-09,34.8,8.3,,22
Germany,DEU,2021-10-10,35.2,8.7,,22.4
Germany,DEU,2021-10-11,35.9,9.1,,22.8
Germany,DEU,2021-10-12,36.8,9.9,,23.3
Germany,DEU,2021-10-13,37.9,10.7,,25
Germany,DEU,2021-10-14,39.1,11.8,,27.7
Germany,DEU,2021-10-15,40.8,12.6,,29.9
Germany,DEU,2021-10-16,42.7,14.1,,31.8
Germany,DEU,2021-10-17,44.2,14.9,,33.9
Germany,DEU,2021-10-18,46.6,15.9,,35.5
Germany,DEU,2021-10-19,49.9,16.2,,36
Germany,DEU,2021-10-20,53.3,16.5,,37
Germany,DEU,2021-10-21,56.2,16.9,,37.8
Germany,DEU,2021-10-22,59.1,17.6,,40.3
Germany,DEU,2021-10-23,61.5,18,,42
Germany,DEU,2021-10-24,63.5,18.6,,43.3
Germany,DEU,2021-10-25,66.2,18.8,,44
Germany,DEU,2021-10-26,69.4,19.5,,44.9
Germany,DEU,2021-10-27,72.8,20.2,,44.2
Germany,DEU,2021-10-28,76,21.4,,45.8
Germany,DEU,2021-10-29,78.8,22.8,,47.7
Germany,DEU,2021-10-30,81.5,23.7,,49.7
Germany,DEU,2021-10-31,83.2,24.9,,51.5
Germany,DEU,2021-11-01,85.1,25.4,,52.4
Germany,DEU,2021-11-02,87.9,25.4,,53.1
Germany,DEU,2021-11-03,93.1,26.9,,56.6
Germany,DEU,2021-11-04,99.1,28.2,,59.1
Germany,DEU,2021-11-05,105,28.7,,59.9
Germany,DEU,2021-11-06,110.2,30.3,,61.8
Germany,DEU,2021-11-07,114.1,31.4,,63.3
Germany,DEU,2021-11-08,121.2,32.4,,64.7
Germany,DEU,2021-11-09,129.9,33.4,,66.3
Germany,DEU,2021-11-10,137.7,34.1,,68.2
Germany,DEU,2021-11-11,145.1,35.3,,71.1
Germany,DEU,2021-11-12,152,36.7,,73.1
Germany,DEU,2021-11-13,157.2,38,,74.7
Germany,DEU,2021-11-14,161.2,39.2,,76.7
Germany,DEU,2021-11-15,167.2,39.7,,77
Germany,DEU,2021-11-16,176.1,39.9,,78
Germany,DEU,2021-11-17,183.8,41.1,,79.8
Germany,DEU,2021-11-18,191.5,41.7,,80.6
Germany,DEU,2021-11-19,200.8,42.4,,81.7
Germany,DEU,2021-11-20,205.7,41.9,,82.1
Germany,DEU,2021-11-21,208.1,41.5,,82.1
Germany,DEU,2021-11-22,213.3,41.9,,82.8
Germany,DEU,2021-11-23,218,41.6,,82
Germany,DEU,2021-11-24,223.7,40.9,,81.1
Germany,DEU,2021-11-25,227.3,40.2,,79.1
Germany,DEU,2021-11-26,227.5,39.9,,79.1
Germany,DEU,2021-11-27,226.9,39.5,,78.8
Germany,DEU,2021-11-28,227,39.4,,78.4
Germany,DEU,2021-11-29,225.2,38.8,,78.5
Germany,DEU,2021-11-30,225.3,39.1,,78.8
Germany,DEU,2021-12-01,224.8,39,,79.3
Germany,DEU,2021-12-02,222.9,37.7,,79.8
Germany,DEU,2021-12-03,222,36.3,,78.3
Germany,DEU,2021-12-04,220.8,35,,76.9
Germany,DEU,2021-12-05,218.6,34.2,,75
Germany,DEU,2021-12-06,217,33.2,,74.1
Germany,DEU,2021-12-07,214.6,32.1,,72.3
Germany,DEU,2021-12-08,209.9,30.1,,69.4
Germany,DEU,2021-12-09,204.7,30,,67.8
Germany,DEU,2021-12-10,198.3,29.4,,65.5
Germany,DEU,2021-12-11,193.2,28.2,,63.1
Germany,DEU,2021-12-12,188.3,26.2,,61.3
Germany,DEU,2021-12-13,181.5,25.5,,59.5
Germany,DEU,2021-12-14,175.9,24.8,,58.8
Germany,DEU,2021-12-15,168.3,24.1,,57.1
Germany,DEU,2021-12-16,162.5,22.6,,54.1
Germany,DEU,2021-12-17,156.7,20.9,,51.3
Germany,DEU,2021-12-18,152.8,19.7,,48.8
Germany,DEU,2021-12-19,150.3,18.4,,44.1
Germany,DEU,2021-12-20,146.8,17,,41
Germany,DEU,2021-12-21,140.4,16.5,,40.2
Germany,DEU,2021-12-22,134,15.5,,39.4
Germany,DEU,2021-12-23,128.5,14.4,,38.6
Germany,DEU,2021-12-24,120.4,13.3,,38.3
Germany,DEU,2021-12-25,113.8,12.7,,38.5
Germany,DEU,2021-12-26,114.2,11.9,,38.7
Germany,DEU,2021-12-27,114.3,11.4,,38.7
Germany,DEU,2021-12-28,114.2,11.1,,38.8
Germany,DEU,2021-12-29,115.7,10.4,,38.9
Germany,DEU,2021-12-30,119,9.9,,38.2
Germany,DEU,2021-12-31,122.6,9.5,,37.6
Germany,DEU,2022-01-01,126,8.7,,35.8
Germany,DEU,2022-01-02,129.9,8.7,,37.1
Germany,DEU,2022-01-03,137.2,8.6,,37.9
Germany,DEU,2022-01-04,147,8,,37.4
Germany,DEU,2022-01-05,158.1,7.3,,36.5
Germany,DEU,2022-01-06,166,6.4,,34.7
Germany,DEU,2022-01-07,179.3,5.7,,33.8
Germany,DEU,2022-01-08,189.5,5.4,,34.2
Germany,DEU,2022-01-09,194,5.1,,34.3
Germany,DEU,2022-01-10,203.8,5,,34.3
Germany,DEU,2022-01-11,217.1,5,,34.5
Germany,DEU,2022-01-12,231.5,4.9,,35
Germany,DEU,2022-01-13,248.5,4.7,,36.2
Germany,DEU,2022-01-14,263.4,4.6,,37.4
Germany,DEU,2022-01-15,274.7,4.7,,38.3
Germany,DEU,2022-01-16,282.2,4.3,,39.1
Germany,DEU,2022-01-17,298.8,4,,39
Germany,DEU,2022-01-18,322.2,3.7,,39.6
Germany,DEU,2022-01-19,350.9,3.5,,40.5
Germany,DEU,2022-01-20,383,3.2,,40.2
Germany,DEU,2022-01-21,417,2.8,,38.6
Germany,DEU,2022-01-22,436.5,2.2,,
Germany,DEU,2022-01-23,446.7,,,
Germany,DEU,2022-01-24,474.6,,,
Germany,DEU,2022-01-25,506.2,,,
Germany,DEU,2022-01-26,528.6,,,
Germany,DEU,2022-01-27,549.6,,,
Israel,ISR,2020-11-15,8,13.9,18.6,
Israel,ISR,2020-11-16,8.3,12.5,18.3,
Israel,ISR,2020-11-17,8.5,12.3,18.5,
Israel,ISR,2020-11-18,8.6,13.5,18.2,
Israel,ISR,2020-11-19,8.5,13.5,17.9,
Israel,ISR,2020-11-20,8.5,13.7,16.8,
Israel,ISR,2020-11-21,8.7,14.2,17.3,
Israel,ISR,2020-11-22,9,14.4,17.1,
Israel,ISR,2020-11-23,9.1,13.9,18,
Israel,ISR,2020-11-24,9.2,14.2,17,
Israel,ISR,2020-11-25,9.6,14.7,17.2,
Israel,ISR,2020-11-26,10.2,16.6,17,
Israel,ISR,2020-11-27,10.6,17.3,19.6,
Israel,ISR,2020-11-28,10.9,17.8,20.7,
Israel,ISR,2020-11-29,11.4,19.2,22.6,
Israel,ISR,2020-11-30,11.9,19.5,23.7,
Israel,ISR,2020-12-01,12.5,20.4,25.5,
Israel,ISR,2020-12-02,13.3,21.2,25.8,
Israel,ISR,2020-12-03,13.9,21.6,26.8,
Israel,ISR,2020-12-04,14.8,22.6,24.9,
Israel,ISR,2020-12-05,15.5,23.8,24.3,
Israel,ISR,2020-12-06,16.1,24.8,23.5,
Israel,ISR,2020-12-07,17.1,26.9,24.5,
Israel,ISR,2020-12-08,18.1,28.1,25.4,
Israel,ISR,2020-12-09,18.6,27.6,27.8,
Israel,ISR,2020-12-10,19.5,30,29,
Israel,ISR,2020-12-11,20.1,29.6,31.3,
Israel,ISR,2020-12-12,20.6,30.8,33.3,
Israel,ISR,2020-12-13,21.2,31.5,36.2,
Israel,ISR,2020-12-14,22,32.2,37.2,
Israel,ISR,2020-12-15,23.9,36.1,39,
Israel,ISR,2020-12-16,25.6,38.9,39,
Israel,ISR,2020-12-17,27,36.8,40.7,
Israel,ISR,2020-12-18,28.7,41.8,43.3,
Israel,ISR,2020-12-19,29.7,45,44.9,
Israel,ISR,2020-12-20,32,45.9,45.4,
Israel,ISR,2020-12-21,34.7,47.1,47.5,
Israel,ISR,2020-12-22,37.2,48.6,48.9,
Israel,ISR,2020-12-23,39.3,48.1,51.4,
Israel,ISR,2020-12-24,41.3,54.6,53.3,
Israel,ISR,2020-12-25,43.4,57.5,55,
Israel,ISR,2020-12-26,44.7,60.3,57.1,
Israel,ISR,2020-12-27,45.5,58.7,60.6,
Israel,ISR,2020-12-28,48.3,62.7,62.5,
Israel,ISR,2020-12-29,50.5,60.3,62.5,
Israel,ISR,2020-12-30,53.6,68,65.5,
Israel,ISR,2020-12-31,56.7,71.4,69.6,
Israel,ISR,2021-01-01,60.2,74,73.7,
Israel,ISR,2021-01-02,62.8,75.5,77.9,
Israel,ISR,2021-01-03,65.7,82,79.7,
Israel,ISR,2021-01-04,70.7,85.1,81,
Israel,ISR,2021-01-05,75.2,89.4,86.1,
Israel,ISR,2021-01-06,78.6,86.5,88.7,
Israel,ISR,2021-01-07,81.7,86.3,91.1,
Israel,ISR,2021-01-08,85.4,83.4,91.2,
Israel,ISR,2021-01-09,87,86.8,92.9,
Israel,ISR,2021-01-10,89.9,88,95.9,
Israel,ISR,2021-01-11,92.2,92.5,98.6,
Israel,ISR,2021-01-12,94,95.9,97.1,
Israel,ISR,2021-01-13,96.7,98.3,98.3,
Israel,ISR,2021-01-14,99.5,99.5,97.1,
Israel,ISR,2021-01-15,100,100,100,
Israel,ISR,2021-01-16,99.9,95,97.3,
Israel,ISR,2021-01-17,97.6,91.6,95.4,
Israel,ISR,2021-01-18,98.3,85.8,94.1,
Israel,ISR,2021-01-19,97.2,82.5,95.3,
Israel,ISR,2021-01-20,95.3,84.4,93.1,
Israel,ISR,2021-01-21,91.8,83.4,95.1,
Israel,ISR,2021-01-22,90,83.2,93.3,
Israel,ISR,2021-01-23,85.5,80.5,92.9,
Israel,ISR,2021-01-24,84.2,83.7,92.1,
Israel,ISR,2021-01-25,81.8,82,89.5,
Israel,ISR,2021-01-26,80.4,78.1,86.4,
Israel,ISR,2021-01-27,79.4,73.6,85.4,
Israel,ISR,2021-01-28,79.3,67.5,82.3,
Israel,ISR,2021-01-29,78.2,63.2,80.4,
Israel,ISR,2021-01-30,78.5,64.9,83.8,
Israel,ISR,2021-01-31,79,59.6,84,
Israel,ISR,2021-02-01,79.4,57.9,86.5,
Israel,ISR,2021-02-02,79.8,54.6,87,
Israel,ISR,2021-02-03,79.3,54.6,87,
Israel,ISR,2021-02-04,79.4,53.4,87.3,
Israel,ISR,2021-02-05,79.1,54.6,84.3,
Israel,ISR,2021-02-06,79.1,50,80.8,
Israel,ISR,2021-02-07,78.1,49.3,76.9,
Israel,ISR,2021-02-08,76.2,46.4,72.2,
Israel,ISR,2021-02-09,73,46.2,72.6,
Israel,ISR,2021-02-10,70,44.5,72.7,
Israel,ISR,2021-02-11,66.2,44.5,70.5,
Israel,ISR,2021-02-12,62.9,41.6,68.9,
Israel,ISR,2021-02-13,61.6,41.6,65.5,
Israel,ISR,2021-02-14,59.6,42.5,63.5,
Israel,ISR,2021-02-15,55.1,41.6,61.6,
Israel,ISR,2021-02-16,52.4,42.3,57.7,
Israel,ISR,2021-02-17,49.8,38.9,53,
Israel,ISR,2021-02-18,46.9,36.5,51.4,
Israel,ISR,2021-02-19,45.3,35.1,52.3,
Israel,ISR,2021-02-20,44.3,34.1,52.1,
Israel,ISR,2021-02-21,43.6,31.7,53.2,
Israel,ISR,2021-02-22,42.9,30.5,54.5,
Israel,ISR,2021-02-23,42.7,31.2,54.4,
Israel,ISR,2021-02-24,43.1,29.8,54.6,
Israel,ISR,2021-02-25,43.9,29.8,54.7,
Israel,ISR,2021-02-26,43.9,30,53.5,
Israel,ISR,2021-02-27,44.3,28.6,54.3,
Israel,ISR,2021-02-28,44.2,27.6,53.8,
Israel,ISR,2021-03-01,44.3,30,53.4,
Israel,ISR,2021-03-02,44.2,29.1,56.1,
Israel,ISR,2021-03-03,44.7,29.3,54.5,
Israel,ISR,2021-03-04,44.4,28.6,53.1,
Israel,ISR,2021-03-05,44.2,26.4,50.8,
Israel,ISR,2021-03-06,44.9,26.4,48.3,
Israel,ISR,2021-03-07,43.7,24.3,46.3,
Israel,ISR,2021-03-08,41.9,21.4,45.4,
Israel,ISR,2021-03-09,39.8,20.7,41.4,
Israel,ISR,2021-03-10,36.6,20.2,42.3,
Israel,ISR,2021-03-11,34.7,19.2,39.6,
Israel,ISR,2021-03-12,32.5,19.2,39.5,
Israel,ISR,2021-03-13,30.6,19,36.9,
Israel,ISR,2021-03-14,29,18.8,36.8,
Israel,ISR,2021-03-15,26.1,18.5,35.1,
Israel,ISR,2021-03-16,23.5,17.8,34,
Israel,ISR,2021-03-17,21.2,17.5,31.4,
Israel,ISR,2021-03-18,19,18.5,29,
Israel,ISR,2021-03-19,16.7,18.3,27.3,
Israel,ISR,2021-03-20,16,19.2,27,
Israel,ISR,2021-03-21,14.7,19.5,25.8,
Israel,ISR,2021-03-22,12.8,18.3,24.4,
Israel,ISR,2021-03-23,11.3,17.1,22.4,
Israel,ISR,2021-03-24,9.5,15.9,20.2,
Israel,ISR,2021-03-25,8.8,14.7,19.1,
Israel,ISR,2021-03-26,7.9,14.9,17.4,
Israel,ISR,2021-03-27,7.7,13.7,15.7,
Israel,ISR,2021-03-28,6.7,14.2,13,
Israel,ISR,2021-03-29,5.7,13.7,11.6,
Israel,ISR,2021-03-30,5.3,13.7,11.8,
Israel,ISR,2021-03-31,5.3,14.9,11,
Israel,ISR,2021-04-01,4.4,13.5,10.7,
Israel,ISR,2021-04-02,4.2,12,10,
Israel,ISR,2021-04-03,4,10.8,9.4,
Israel,ISR,2021-04-04,4.1,10.3,8.9,
Israel,ISR,2021-04-05,4.1,9.9,9.6,
Israel,ISR,2021-04-06,3.9,9.1,9.1,
Israel,ISR,2021-04-07,3.5,7,9.1,
Israel,ISR,2021-04-08,3.3,6.7,9,
Israel,ISR,2021-04-09,3,6.5,9.1,
Israel,ISR,2021-04-10,2.9,6.5,8,
Israel,ISR,2021-04-11,2.8,5.8,7.2,
Israel,ISR,2021-04-12,2.5,5,6.1,
Israel,ISR,2021-04-13,2.3,5,5.7,
Israel,ISR,2021-04-14,2.2,5.5,5.5,
Israel,ISR,2021-04-15,2,5,5.3,
Israel,ISR,2021-04-16,1.8,5,4.5,
Israel,ISR,2021-04-17,1.8,4.3,4.9,
Israel,ISR,2021-04-18,1.9,3.8,5,
Israel,ISR,2021-04-19,1.7,3.8,5,
Israel,ISR,2021-04-20,1.7,3.8,4.7,
Israel,ISR,2021-04-21,1.5,2.9,3.9,
Israel,ISR,2021-04-22,1.6,3.4,4,
Israel,ISR,2021-04-23,1.6,3.4,3.9,
Israel,ISR,2021-04-24,1.5,3.4,3.5,
Israel,ISR,2021-04-25,1.4,3.1,3.4,
Israel,ISR,2021-04-26,1.3,3.1,3.2,
Israel,ISR,2021-04-27,1.2,2.9,3.4,
Israel,ISR,2021-04-28,1.2,2.6,3.3,
Israel,ISR,2021-04-29,1.1,2.4,2.7,
Israel,ISR,2021-04-30,1,2.4,2.7,
Israel,ISR,2021-05-01,1,1.9,2.7,
Israel,ISR,2021-05-02,0.9,1.9,2.5,
Israel,ISR,2021-05-03,0.9,1.9,2.2,
Israel,ISR,2021-05-04,0.8,2.2,2.1,
Israel,ISR,2021-05-05,0.8,1.9,1.9,
Israel,ISR,2021-05-06,0.7,1.7,1.4,
Israel,ISR,2021-05-07,0.6,1.2,1.4,
Israel,ISR,2021-05-08,0.6,1.7,1.1,
Israel,ISR,2021-05-09,0.6,1.4,1,
Israel,ISR,2021-05-10,0.6,1.4,1.1,
Israel,ISR,2021-05-11,0.5,1,0.9,
Israel,ISR,2021-05-12,0.4,1.2,1.2,
Israel,ISR,2021-05-13,0.4,1.2,1.2,
Israel,ISR,2021-05-14,0.4,1.7,1.1,
Israel,ISR,2021-05-15,0.4,1.4,1.3,
Israel,ISR,2021-05-16,0.4,1.4,1.6,
Israel,ISR,2021-05-17,0.3,1.2,1.4,
Israel,ISR,2021-05-18,0.3,1,1.3,
Israel,ISR,2021-05-19,0.4,1.2,1.1,
Israel,ISR,2021-05-20,0.4,1.2,1.2,
Israel,ISR,2021-05-21,0.3,1,1,
Israel,ISR,2021-05-22,0.3,0.7,0.8,
Israel,ISR,2021-05-23,0.3,1,0.6,
Israel,ISR,2021-05-24,0.3,1,0.7,
Israel,ISR,2021-05-25,0.3,1.2,0.6,
Israel,ISR,2021-05-26,0.3,1,0.5,
Israel,ISR,2021-05-27,0.2,1.2,0.4,
Israel,ISR,2021-05-28,0.2,1,0.7,
Israel,ISR,2021-05-29,0.2,1,0.8,
Israel,ISR,2021-05-30,0.2,0.7,0.7,
Israel,ISR,2021-05-31,0.2,1,0.7,
Israel,ISR,2021-06-01,0.2,0.7,0.8,
Israel,ISR,2021-06-02,0.2,0.5,0.9,
Israel,ISR,2021-06-03,0.2,0.5,0.8,
Israel,ISR,2021-06-04,0.2,0.5,0.7,
Israel,ISR,2021-06-05,0.2,0.5,0.6,
Israel,ISR,2021-06-06,0.2,0.7,0.6,
Israel,ISR,2021-06-07,0.2,0.5,0.5,
Israel,ISR,2021-06-08,0.2,0.5,0.4,
Israel,ISR,2021-06-09,0.2,0.5,0.2,
Israel,ISR,2021-06-10,0.2,0.2,0.3,
Israel,ISR,2021-06-11,0.2,0.2,0.2,
Israel,ISR,2021-06-12,0.2,0.5,0.2,
Israel,ISR,2021-06-13,0.2,0.2,0.2,
Israel,ISR,2021-06-14,0.2,0.2,0.2,
Israel,ISR,2021-06-15,0.2,0.2,0.2,
Israel,ISR,2021-06-16,0.2,0.2,0.3,
Israel,ISR,2021-06-17,0.2,0.2,0.3,
Israel,ISR,2021-06-18,0.2,0.2,0.5,
Israel,ISR,2021-06-19,0.3,0,0.5,
Israel,ISR,2021-06-20,0.4,0,0.4,
Israel,ISR,2021-06-21,0.6,0,0.5,
Israel,ISR,2021-06-22,0.7,0,0.6,
Israel,ISR,2021-06-23,0.9,0,0.5,
Israel,ISR,2021-06-24,1.3,0.2,0.5,
Israel,ISR,2021-06-25,1.6,0.7,0.3,
Israel,ISR,2021-06-26,1.8,0.7,0.7,
Israel,ISR,2021-06-27,1.9,1.2,0.8,
Israel,ISR,2021-06-28,2.2,1.9,0.9,
Israel,ISR,2021-06-29,2.5,2.4,1.2,
Israel,ISR,2021-06-30,2.8,2.4,1.4,
Israel,ISR,2021-07-01,2.9,2.9,1.9,
Israel,ISR,2021-07-02,3.1,2.6,2.5,
Israel,ISR,2021-07-03,3.3,2.9,2.8,
Israel,ISR,2021-07-04,3.6,2.9,3.3,
Israel,ISR,2021-07-05,4,2.9,3.5,
Israel,ISR,2021-07-06,4.4,2.9,3.6,
Israel,ISR,2021-07-07,4.7,3.4,4.3,
Israel,ISR,2021-07-08,5,3.4,4.5,
Israel,ISR,2021-07-09,5.3,3.4,4.4,
Israel,ISR,2021-07-10,5.5,3.1,4.5,
Israel,ISR,2021-07-11,5.6,3.4,4.8,
Israel,ISR,2021-07-12,6.1,3.6,4.9,
Israel,ISR,2021-07-13,6.4,3.4,5.8,
Israel,ISR,2021-07-14,6.9,3.1,6.2,
Israel,ISR,2021-07-15,7.5,3.8,6.5,
Israel,ISR,2021-07-16,8.6,5,7,
Israel,ISR,2021-07-17,8.9,5.5,7.3,
Israel,ISR,2021-07-18,9.6,6,7.8,
Israel,ISR,2021-07-19,10.6,7.2,9.1,
Israel,ISR,2021-07-20,11.8,9.1,9.1,
Israel,ISR,2021-07-21,12.8,11.3,9.5,
Israel,ISR,2021-07-22,13.5,11.1,11.9,
Israel,ISR,2021-07-23,14,13.5,14.6,
Israel,ISR,2021-07-24,14.9,16.3,15.7,
Israel,ISR,2021-07-25,15.9,18,17,
Israel,ISR,2021-07-26,17.2,20.4,18.7,
Israel,ISR,2021-07-27,18.7,20.9,20.7,
Israel,ISR,2021-07-28,20.2,22.6,21.3,
Israel,ISR,2021-07-29,21.7,25.2,21.8,
Israel,ISR,2021-07-30,23.4,26,22.4,
Israel,ISR,2021-07-31,25.4,28.4,24.5,
Israel,ISR,2021-08-01,26.6,29.8,27,
Israel,ISR,2021-08-02,29.5,30,28.2,
Israel,ISR,2021-08-03,31.2,34.1,31.7,
Israel,ISR,2021-08-04,33.5,34.9,36.6,
Israel,ISR,2021-08-05,36.4,36.3,39.2,
Israel,ISR,2021-08-06,38.9,37.5,41.2,
Israel,ISR,2021-08-07,40.3,37.5,43.7,
Israel,ISR,2021-08-08,42.6,39.2,45.9,
Israel,ISR,2021-08-09,46.9,42.3,50,
Israel,ISR,2021-08-10,51.3,40.4,50.6,
Israel,ISR,2021-08-11,55.6,43,52.3,
Israel,ISR,2021-08-12,59.5,44.5,53.2,
Israel,ISR,2021-08-13,63,46.4,55.1,
Israel,ISR,2021-08-14,65.3,46.6,57.6,
Israel,ISR,2021-08-15,68.3,46.2,57.2,
Israel,ISR,2021-08-16,72.4,45.2,56.7,
Israel,ISR,2021-08-17,76.1,46.6,58,
Israel,ISR,2021-08-18,79.5,46.6,58.2,
Israel,ISR,2021-08-19,82.4,47.4,60.6,
Israel,ISR,2021-08-20,85.7,47.1,60.8,
Israel,ISR,2021-08-21,87.7,49.3,60.9,
Israel,ISR,2021-08-22,90.1,50,61.9,
Israel,ISR,2021-08-23,92.4,49.3,62.1,
Israel,ISR,2021-08-24,96,48.6,60.7,
Israel,ISR,2021-08-25,98,47.6,61.4,
Israel,ISR,2021-08-26,100.2,47.1,60.6,
Israel,ISR,2021-08-27,101.6,45,60,
Israel,ISR,2021-08-28,104.8,40.9,58.9,
Israel,ISR,2021-08-29,105.1,41.1,57.7,
Israel,ISR,2021-08-30,106.9,40.1,56.1,
Israel,ISR,2021-08-31,107.5,39.4,55.3,
Israel,ISR,2021-09-01,111.1,39.9,52.2,
Israel,ISR,2021-09-02,114.9,37.7,48.2,
Israel,ISR,2021-09-03,116.9,37.5,47.1,
Israel,ISR,2021-09-04,113.1,37.5,44.6,
Israel,ISR,2021-09-05,111.6,35.1,43.7,
Israel,ISR,2021-09-06,111.1,36.5,44.5,
Israel,ISR,2021-09-07,104.9,35.3,44.4,
Israel,ISR,2021-09-08,91.3,32.5,44.9,
Israel,ISR,2021-09-09,85.5,32.2,46.6,
Israel,ISR,2021-09-10,85.4,31.7,46.7,
Israel,ISR,2021-09-11,94.4,32.7,47.8,
Israel,ISR,2021-09-12,97.7,34.4,46.9,
Israel,ISR,2021-09-13,97.9,31,45.6,
Israel,ISR,2021-09-14,103,31.5,48.6,
Israel,ISR,2021-09-15,112.5,32.5,48.5,
Israel,ISR,2021-09-16,104.5,33.4,49.3,
Israel,ISR,2021-09-17,96.1,32.2,49.9,
Israel,ISR,2021-09-18,93.2,32.5,50.8,
Israel,ISR,2021-09-19,91.1,31,52.8,
Israel,ISR,2021-09-20,87.4,33.2,52.3,
Israel,ISR,2021-09-21,78.8,31.7,48.8,
Israel,ISR,2021-09-22,74,30.3,47.7,
Israel,ISR,2021-09-23,79.4,28.4,45.6,
Israel,ISR,2021-09-24,79.3,29.1,43.2,
Israel,ISR,2021-09-25,69.1,25.2,40.2,
Israel,ISR,2021-09-26,64.5,24.3,38.1,
Israel,ISR,2021-09-27,58.4,22.1,36.7,
Israel,ISR,2021-09-28,54.3,22.6,34.6,
Israel,ISR,2021-09-29,50.2,21.4,32,
Israel,ISR,2021-09-30,46.7,20.4,30,
Israel,ISR,2021-10-01,44.3,19.7,27.8,
Israel,ISR,2021-10-02,42.8,20.7,26.5,
Israel,ISR,2021-10-03,40.8,19.5,24.3,
Israel,ISR,2021-10-04,37.4,17.5,23.6,
Israel,ISR,2021-10-05,37.6,16.6,22.9,
Israel,ISR,2021-10-06,35.5,14.9,21.9,
Israel,ISR,2021-10-07,31.6,14.2,21.6,
Israel,ISR,2021-10-08,28.9,12.5,20.8,
Israel,ISR,2021-10-09,27.7,11.1,20,
Israel,ISR,2021-10-10,25.6,10.8,19.2,
Israel,ISR,2021-10-11,24,10.8,18,
Israel,ISR,2021-10-12,22.7,11.3,16.9,
Israel,ISR,2021-10-13,21.6,12.7,16.3,
Israel,ISR,2021-10-14,20.3,12,15,
Israel,ISR,2021-10-15,19.5,12,14.7,
Israel,ISR,2021-10-16,19,12.5,13.6,
Israel,ISR,2021-10-17,18.5,11.3,12.6,
Israel,ISR,2021-10-18,17.1,10.3,11.7,
Israel,ISR,2021-10-19,16,8.7,10.8,
Israel,ISR,2021-10-20,14.7,7.2,9.3,
Israel,ISR,2021-10-21,14.1,7.2,8.8,
Israel,ISR,2021-10-22,13.1,7,7.5,
Israel,ISR,2021-10-23,12.4,5.8,7.5,
Israel,ISR,2021-10-24,11.7,5.3,7.8,
Israel,ISR,2021-10-25,10.7,5.8,6.9,
Israel,ISR,2021-10-26,10,5.5,6.7,
Israel,ISR,2021-10-27,9.3,6.2,7.2,
Israel,ISR,2021-10-28,8.8,6.2,7.2,
Israel,ISR,2021-10-29,8.2,5.5,7.4,
Israel,ISR,2021-10-30,8,5.8,6.5,
Israel,ISR,2021-10-31,7.4,6,5.3,
Israel,ISR,2021-11-01,7,5,5.2,
Israel,ISR,2021-11-02,6.9,5.5,5,
Israel,ISR,2021-11-03,6.9,5,4,
Israel,ISR,2021-11-04,6.6,4.1,3.5,
Israel,ISR,2021-11-05,6.5,4.1,3.2,
Israel,ISR,2021-11-06,6.5,4.3,3.4,
Israel,ISR,2021-11-07,6.4,5.3,3.8,
Israel,ISR,2021-11-08,6.2,5.5,3.8,
Israel,ISR,2021-11-09,5.9,4.8,3.7,
Israel,ISR,2021-11-10,5.7,3.8,4,
Israel,ISR,2021-11-11,5.5,4.3,3.9,
Israel,ISR,2021-11-12,5.3,4.3,3.8,
Israel,ISR,2021-11-13,5.3,4.1,3.7,
Israel,ISR,2021-11-14,5.1,2.9,3.5,
Israel,ISR,2021-11-15,5.1,3.4,3.1,
Israel,ISR,2021-11-16,5.2,3.6,3.4,
Israel,ISR,2021-11-17,5.2,4.3,3.6,
Israel,ISR,2021-11-18,5.3,3.8,3.6,
Israel,ISR,2021-11-19,5.4,3.6,3.6,
Israel,ISR,2021-11-20,5.5,3.4,3.4,
Israel,ISR,2021-11-21,5.6,3.6,3.6,
Israel,ISR,2021-11-22,5.9,3.1,4.1,
Israel,ISR,2021-11-23,5.9,2.9,4.1,
Israel,ISR,2021-11-24,6,2.9,4.1,
Israel,ISR,2021-11-25,6.2,4.1,3.9,
Israel,ISR,2021-11-26,6.2,3.8,3.9,
Israel,ISR,2021-11-27,6.1,4.1,3.6,
Israel,ISR,2021-11-28,6.3,3.8,3.5,
Israel,ISR,2021-11-29,6.2,4.1,3.1,
Israel,ISR,2021-11-30,6.2,4.6,2.8,
Israel,ISR,2021-12-01,6.2,4.1,2.7,
Israel,ISR,2021-12-02,6.2,2.9,3,
Israel,ISR,2021-12-03,6.1,2.9,2.9,
Israel,ISR,2021-12-04,6.2,2.9,3,
Israel,ISR,2021-12-05,6.2,3.1,2.9,
Israel,ISR,2021-12-06,6.3,3.1,3.5,
Israel,ISR,2021-12-07,6.7,2.6,3.4,
Israel,ISR,2021-12-08,7,2.4,3,
Israel,ISR,2021-12-09,7.2,2.2,3.1,
Israel,ISR,2021-12-10,7.4,2.2,3,
Israel,ISR,2021-12-11,7.4,1.9,2.8,
Israel,ISR,2021-12-12,7.3,1.4,2.7,
Israel,ISR,2021-12-13,7.3,1.4,2.3,
Israel,ISR,2021-12-14,7.1,1.7,2.3,
Israel,ISR,2021-12-15,7.3,1.9,2.6,
Israel,ISR,2021-12-16,7.6,2.4,2.8,
Israel,ISR,2021-12-17,8.1,2.2,3.2,
Israel,ISR,2021-12-18,8.4,2.2,3.6,
Israel,ISR,2021-12-19,9.3,2.6,4,
Israel,ISR,2021-12-20,10.2,3.4,4.5,
Israel,ISR,2021-12-21,11.1,3.6,5.2,
Israel,ISR,2021-12-22,12.2,3.6,5.8,
Israel,ISR,2021-12-23,13.3,4.1,5.5,
Israel,ISR,2021-12-24,14.8,4.6,5.8,
Israel,ISR,2021-12-25,15.6,5,6.4,
Israel,ISR,2021-12-26,16.9,5.8,6.3,
Israel,ISR,2021-12-27,19.7,6.2,6.1,
Israel,ISR,2021-12-28,23.2,7.5,6.1,
Israel,ISR,2021-12-29,27.8,8.9,6.7,
Israel,ISR,2021-12-30,33.9,9.6,7.2,
Israel,ISR,2021-12-31,40.2,11.3,7.8,
Israel,ISR,2022-01-01,46.1,13,9.3,
Israel,ISR,2022-01-02,54.3,15.6,10.8,
Israel,ISR,2022-01-03,68,17.3,13,
Israel,ISR,2022-01-04,84.1,18.8,14.8,
Israel,ISR,2022-01-05,108.9,20.7,17.3,
Israel,ISR,2022-01-06,132.8,23.3,20.7,
Israel,ISR,2022-01-07,161.1,26.2,25,
Israel,ISR,2022-01-08,193,31,25.6,
Israel,ISR,2022-01-09,235,36.1,30.9,
Israel,ISR,2022-01-10,287.2,41.3,35.6,
Israel,ISR,2022-01-11,345.6,47.8,40.9,
Israel,ISR,2022-01-12,397.1,53.4,47.8,
Israel,ISR,2022-01-13,448.9,58.7,53.5,
Israel,ISR,2022-01-14,489.7,60.8,58.8,
Israel,ISR,2022-01-15,527.7,61.8,66.6,
Israel,ISR,2022-01-16,585.3,62,71.8,
Israel,ISR,2022-01-17,637.7,60.3,78.8,
Israel,ISR,2022-01-18,683.9,,84.4,
Israel,ISR,2022-01-19,729,,88.7,
Israel,ISR,2022-01-20,773.2,,92.6,
Israel,ISR,2022-01-21,807,,98,
Israel,ISR,2022-01-22,846.1,,102.5,
Israel,ISR,2022-01-23,881.1,,106,
Israel,ISR,2022-01-24,901.1,,104.4,
Israel,ISR,2022-01-25,905.5,,105.2,
Israel,ISR,2022-01-26,893.4,,108,
Israel,ISR,2022-01-27,863.6,,,
Israel,ISR,2022-01-28,842.4,,,
Israel,ISR,2022-01-29,810.8,,,
Israel,ISR,2022-01-30,792.2,,,
Spain,ESP,2020-12-15,25.6,30.3,26.4,26.9
Spain,ESP,2020-12-16,27,29.5,25.7,27.2
Spain,ESP,2020-12-17,27.1,30.5,25.6,27.6
Spain,ESP,2020-12-18,27.4,30.7,24.9,28.1
Spain,ESP,2020-12-19,27.5,31.9,26.3,28.7
Spain,ESP,2020-12-20,27.6,31.5,26.7,28.3
Spain,ESP,2020-12-21,28,31.6,26.6,27.3
Spain,ESP,2020-12-22,28.5,32.5,26.7,27.8
Spain,ESP,2020-12-23,29.7,33.3,28.1,28.9
Spain,ESP,2020-12-24,29.3,33.6,30.5,29.4
Spain,ESP,2020-12-25,26.3,33.9,31.7,29.9
Spain,ESP,2020-12-26,26.1,33.8,32.6,30.5
Spain,ESP,2020-12-27,26.7,35.8,32.3,31.3
Spain,ESP,2020-12-28,28.4,35.3,33.6,32.4
Spain,ESP,2020-12-29,30.6,36.5,34.3,33.8
Spain,ESP,2020-12-30,33.3,38.3,34.5,34.8
Spain,ESP,2020-12-31,35.5,39.4,34.2,37.2
Spain,ESP,2021-01-01,36.7,41,36.3,39.5
Spain,ESP,2021-01-02,38.3,43.5,38.2,40
Spain,ESP,2021-01-03,39.9,44.6,40,43.4
Spain,ESP,2021-01-04,42.8,47.5,43,47.4
Spain,ESP,2021-01-05,47.6,49.7,46.5,48.7
Spain,ESP,2021-01-06,44.9,53.6,48.6,50.3
Spain,ESP,2021-01-07,49.4,57.2,51.8,52.7
Spain,ESP,2021-01-08,59.6,60.4,54.9,55.9
Spain,ESP,2021-01-09,63.2,63.7,58.7,61.6
Spain,ESP,2021-01-10,64.8,69.1,63.8,66.1
Spain,ESP,2021-01-11,69,73.5,67.7,70.6
Spain,ESP,2021-01-12,71.7,78,71.5,75.4
Spain,ESP,2021-01-13,81.5,82.6,75.8,79.2
Spain,ESP,2021-01-14,86.2,84.9,78.1,84
Spain,ESP,2021-01-15,90.3,88.9,83.6,89
Spain,ESP,2021-01-16,92.6,91.9,86.8,92.7
Spain,ESP,2021-01-17,94.5,93.5,90.8,95.9
Spain,ESP,2021-01-18,95.8,97.1,94.6,98.2
Spain,ESP,2021-01-19,97.8,99.3,97.9,99.4
Spain,ESP,2021-01-20,99,98.4,99.5,99.7
Spain,ESP,2021-01-21,100,100,100,100
Spain,ESP,2021-01-22,99.7,99.2,100,99
Spain,ESP,2021-01-23,99.2,99.6,99.2,97.9
Spain,ESP,2021-01-24,98.7,98.1,98.4,96.2
Spain,ESP,2021-01-25,97.5,95.4,96.1,94.9
Spain,ESP,2021-01-26,95.5,92.4,94.8,93.2
Spain,ESP,2021-01-27,93.1,90.6,93.5,91.2
Spain,ESP,2021-01-28,90.1,87.8,93,87.9
Spain,ESP,2021-01-29,86.1,85,90.5,84.9
Spain,ESP,2021-01-30,83.8,81.6,88.8,81.2
Spain,ESP,2021-01-31,81.5,78.7,86.5,77.4
Spain,ESP,2021-02-01,77.4,76.5,83.8,73.2
Spain,ESP,2021-02-02,72.7,73.7,80.7,69.5
Spain,ESP,2021-02-03,67.9,70.5,76.7,66.4
Spain,ESP,2021-02-04,62.9,67.4,73.2,63.2
Spain,ESP,2021-02-05,58,63.8,69.8,59.4
Spain,ESP,2021-02-06,54.8,60.5,66.3,55.6
Spain,ESP,2021-02-07,52.6,58.1,61.1,51.6
Spain,ESP,2021-02-08,49,54.3,57.7,48.5
Spain,ESP,2021-02-09,44.7,51.3,52.9,45.7
Spain,ESP,2021-02-10,40.5,48.3,50,43.4
Spain,ESP,2021-02-11,36.8,45.6,47.1,39.9
Spain,ESP,2021-02-12,33.3,44,43.1,36.4
Spain,ESP,2021-02-13,31.5,42.4,40,34.5
Spain,ESP,2021-02-14,30.5,39.6,38.7,32.6
Spain,ESP,2021-02-15,28.5,38.2,36.3,30.3
Spain,ESP,2021-02-16,26.3,37,34.8,29.4
Spain,ESP,2021-02-17,24.3,35.7,33.9,28.7
Spain,ESP,2021-02-18,22.9,35.1,34,27.4
Spain,ESP,2021-02-19,21.4,34.3,33.3,26.5
Spain,ESP,2021-02-20,20.7,31.8,31.5,25.2
Spain,ESP,2021-02-21,20.3,30.9,29.9,24.1
Spain,ESP,2021-02-22,19.5,29.2,28.4,23.6
Spain,ESP,2021-02-23,18.5,27.6,28.1,23.1
Spain,ESP,2021-02-24,17.6,26.4,28.1,22.3
Spain,ESP,2021-02-25,16.8,25.5,27.3,21.3
Spain,ESP,2021-02-26,16.2,24.1,25.6,20.7
Spain,ESP,2021-02-27,15.9,23.7,26.8,20.3
Spain,ESP,2021-02-28,15.7,22.8,26,20
Spain,ESP,2021-03-01,15.1,21.7,26.5,19.4
Spain,ESP,2021-03-02,14.5,20.7,26.1,19.1
Spain,ESP,2021-03-03,14.3,20.1,25.3,19.2
Spain,ESP,2021-03-04,14.1,19,25.5,19.6
Spain,ESP,2021-03-05,13.8,18.5,25.2,19.5
Spain,ESP,2021-03-06,13.6,18,23.6,19.3
Spain,ESP,2021-03-07,13.5,17.8,23.6,19
Spain,ESP,2021-03-08,13.4,17.7,22.9,18.8
Spain,ESP,2021-03-09,13.3,17,21.8,18.9
Spain,ESP,2021-03-10,13.2,15.9,21.7,18.5
Spain,ESP,2021-03-11,13.1,15.5,20.9,18
Spain,ESP,2021-03-12,13.1,15.2,21.5,17.7
Spain,ESP,2021-03-13,13.1,14.5,21.9,18
Spain,ESP,2021-03-14,13.1,13.9,22.3,17.9
Spain,ESP,2021-03-15,13.3,12.8,22.6,17.6
Spain,ESP,2021-03-16,13.4,12.7,23.1,17.3
Spain,ESP,2021-03-17,13.6,13.2,22.8,17.4
Spain,ESP,2021-03-18,14,13.2,23,17.7
Spain,ESP,2021-03-19,13.5,13.3,23.1,18
Spain,ESP,2021-03-20,13.5,13.7,22.9,18
Spain,ESP,2021-03-21,13.7,13.5,23.5,18.4
Spain,ESP,2021-03-22,13.9,14.1,24.5,19.1
Spain,ESP,2021-03-23,14.4,14.3,25.5,19.6
Spain,ESP,2021-03-24,14.9,13.9,26.6,19.7
Spain,ESP,2021-03-25,15.3,14.2,26.7,20.1
Spain,ESP,2021-03-26,16.5,13.9,27.5,20.7
Spain,ESP,2021-03-27,17,13.5,28.3,21.4
Spain,ESP,2021-03-28,17.2,13.3,29.2,21.6
Spain,ESP,2021-03-29,17.7,13.8,28.9,21.4
Spain,ESP,2021-03-30,18.1,14,29.6,21.9
Spain,ESP,2021-03-31,18.9,14.3,29.7,22.7
Spain,ESP,2021-04-01,18.2,14.6,31.5,23.4
Spain,ESP,2021-04-02,16.7,14.4,31.3,24
Spain,ESP,2021-04-03,16.9,15,33.6,24.4
Spain,ESP,2021-04-04,17.4,15,33.2,25.4
Spain,ESP,2021-04-05,17.5,15,34.1,26.5
Spain,ESP,2021-04-06,18.6,14.7,33.9,26.7
Spain,ESP,2021-04-07,19.3,14.7,34.7,26.9
Spain,ESP,2021-04-08,21.2,14.4,35.4,27.4
Spain,ESP,2021-04-09,23.9,14.5,36.9,27.6
Spain,ESP,2021-04-10,24.3,14.3,36,28
Spain,ESP,2021-04-11,24.2,14.3,37,28.1
Spain,ESP,2021-04-12,24.7,13.6,38.2,28.7
Spain,ESP,2021-04-13,24.4,13.5,40,28.9
Spain,ESP,2021-04-14,24.3,13.5,41,29.2
Spain,ESP,2021-04-15,24.1,13.4,40.2,29.3
Spain,ESP,2021-04-16,23.9,13.5,40.4,29.6
Spain,ESP,2021-04-17,23.7,13.1,41.8,29.4
Spain,ESP,2021-04-18,23.7,12.7,41,29.4
Spain,ESP,2021-04-19,23.6,12.8,41.7,28.5
Spain,ESP,2021-04-20,23.8,12.4,41.4,28.5
Spain,ESP,2021-04-21,23.6,12.1,40.4,28.3
Spain,ESP,2021-04-22,23.6,11.6,40.2,28.2
Spain,ESP,2021-04-23,23.6,11.3,38.9,27.8
Spain,ESP,2021-04-24,23.4,11.4,37.6,27.1
Spain,ESP,2021-04-25,23.4,11.5,38.1,26.6
Spain,ESP,2021-04-26,23.5,11.5,36,26.3
Spain,ESP,2021-04-27,23.1,11.5,34.2,25.6
Spain,ESP,2021-04-28,23,11.6,33.6,25.1
Spain,ESP,2021-04-29,22.6,11.6,34,23.5
Spain,ESP,2021-04-30,22.2,11.5,34,22.8
Spain,ESP,2021-05-01,21.8,11,32.3,22.3
Spain,ESP,2021-05-02,21.5,10.5,32,21.7
Spain,ESP,2021-05-03,20.3,10.2,31.5,21.2
Spain,ESP,2021-05-04,19.4,10,31.5,20.6
Spain,ESP,2021-05-05,18.8,9.4,30.8,20.1
Spain,ESP,2021-05-06,18,9.1,28.3,19.6
Spain,ESP,2021-05-07,17.4,8.9,26.7,18.8
Spain,ESP,2021-05-08,17.2,8.4,26.1,18.3
Spain,ESP,2021-05-09,17,8,23.9,17.5
Spain,ESP,2021-05-10,16.9,7.8,21.9,16.7
Spain,ESP,2021-05-11,16.3,7.3,19.8,16.2
Spain,ESP,2021-05-12,15.5,7.2,18.7,15.7
Spain,ESP,2021-05-13,15,7,19.3,15.3
Spain,ESP,2021-05-14,14.3,6.8,19.5,14.9
Spain,ESP,2021-05-15,14.1,6.8,18.6,14.1
Spain,ESP,2021-05-16,14,6.5,18.8,13.5
Spain,ESP,2021-05-17,13.7,6.3,18.9,13.2
Spain,ESP,2021-05-18,13.7,5.8,19.4,12.9
Spain,ESP,2021-05-19,13.5,5.2,18.9,12.5
Spain,ESP,2021-05-20,13.4,4.9,18.2,12.4
Spain,ESP,2021-05-21,13.2,4.8,17.5,12.1
Spain,ESP,2021-05-22,13.2,4.8,17.3,11.9
Spain,ESP,2021-05-23,13.1,4.9,16.6,11.9
Spain,ESP,2021-05-24,12.8,4.7,16.4,11.6
Spain,ESP,2021-05-25,12.6,5.1,15.1,11.5
Spain,ESP,2021-05-26,12.6,5.3,14.5,11.6
Spain,ESP,2021-05-27,12.5,5.4,14,11.5
Spain,ESP,2021-05-28,12.4,5.4,13.6,11.3
Spain,ESP,2021-05-29,12.5,4.9,13,11.1
Spain,ESP,2021-05-30,12.5,5,12.1,10.9
Spain,ESP,2021-05-31,12.6,4.6,11.9,10.5
Spain,ESP,2021-06-01,12.5,4.5,11.8,10.2
Spain,ESP,2021-06-02,12.4,4,12.1,10.1
Spain,ESP,2021-06-03,12,3.9,12.2,9.9
Spain,ESP,2021-06-04,11.7,3.7,11.3,9.7
Spain,ESP,2021-06-05,11.5,3.6,10.9,9.4
Spain,ESP,2021-06-06,11.4,3.5,10.8,9.1
Spain,ESP,2021-06-07,11.2,3.6,9.8,9.1
Spain,ESP,2021-06-08,10.8,3.5,9.5,8.9
Spain,ESP,2021-06-09,10.3,3.6,9,8.8
Spain,ESP,2021-06-10,10.2,3.2,8.5,8.3
Spain,ESP,2021-06-11,10,3.1,8.8,8.1
Spain,ESP,2021-06-12,9.9,3.2,8.9,8
Spain,ESP,2021-06-13,9.8,3.1,8.6,7.8
Spain,ESP,2021-06-14,9.6,3,8.5,7.4
Spain,ESP,2021-06-15,9.6,2.8,7.8,7.1
Spain,ESP,2021-06-16,9.5,2.7,7.8,6.9
Spain,ESP,2021-06-17,9.5,2.8,7.1,6.8
Spain,ESP,2021-06-18,9.5,2.9,6.9,6.6
Spain,ESP,2021-06-19,9.5,2.8,6.4,6.3
Spain,ESP,2021-06-20,9.5,2.7,6.2,6.1
Spain,ESP,2021-06-21,9.6,2.6,6.2,6.2
Spain,ESP,2021-06-22,9.8,2.6,6.8,6.4
Spain,ESP,2021-06-23,10.2,2.5,6.5,6.6
Spain,ESP,2021-06-24,10.2,2.5,6.3,6.6
Spain,ESP,2021-06-25,10.8,2.3,6,6.7
Spain,ESP,2021-06-26,11.4,2.1,6.3,6.9
Spain,ESP,2021-06-27,12,2.1,6.2,7.4
Spain,ESP,2021-06-28,13.7,2,6.5,7.5
Spain,ESP,2021-06-29,16.3,1.8,6.3,8
Spain,ESP,2021-06-30,19.5,2,7.1,8.2
Spain,ESP,2021-07-01,23.6,2.1,7.4,8.8
Spain,ESP,2021-07-02,27.4,2.3,7.6,9.5
Spain,ESP,2021-07-03,30,2.4,7.7,10.2
Spain,ESP,2021-07-04,31.8,2.6,8.9,11.1
Spain,ESP,2021-07-05,35.4,2.9,9.3,12
Spain,ESP,2021-07-06,39.3,3.2,10.3,12.6
Spain,ESP,2021-07-07,43.3,3.9,11,13.4
Spain,ESP,2021-07-08,46.8,3.9,12.1,14.7
Spain,ESP,2021-07-09,50.7,4,13.3,16
Spain,ESP,2021-07-10,52.6,4.4,14.9,17.5
Spain,ESP,2021-07-11,54.5,5.1,14.9,18.7
Spain,ESP,2021-07-12,58.1,5.8,17.2,20.3
Spain,ESP,2021-07-13,61.3,6.5,18.9,21.7
Spain,ESP,2021-07-14,64.1,6.7,20.6,23.1
Spain,ESP,2021-07-15,66.8,8.2,21.4,24.9
Spain,ESP,2021-07-16,68.9,9,23,27
Spain,ESP,2021-07-17,70.3,9.7,25,28.5
Spain,ESP,2021-07-18,71.2,10.6,27.7,30.4
Spain,ESP,2021-07-19,72.8,11,28.7,32.1
Spain,ESP,2021-07-20,74.2,11.5,30,33
Spain,ESP,2021-07-21,75,12.6,31.5,33.8
Spain,ESP,2021-07-22,75.7,12.8,33.2,34.5
Spain,ESP,2021-07-23,75.8,13.4,34.7,34.9
Spain,ESP,2021-07-24,75.7,14.2,35.9,35.2
Spain,ESP,2021-07-25,74.9,14.6,36.6,35
Spain,ESP,2021-07-26,73.3,15.8,36.7,34.8
Spain,ESP,2021-07-27,72.1,16.4,36.3,35
Spain,ESP,2021-07-28,70.1,16.6,35.2,34.4
Spain,ESP,2021-07-29,67.9,16.6,36.4,33.4
Spain,ESP,2021-07-30,66.1,16.6,36.5,33.5
Spain,ESP,2021-07-31,64.8,16.9,36.3,33.2
Spain,ESP,2021-08-01,63.5,17.1,35.9,32.9
Spain,ESP,2021-08-02,61.2,16.9,36.2,32.5
Spain,ESP,2021-08-03,58.2,17.8,35.9,31.9
Spain,ESP,2021-08-04,55.6,17.9,36.7,31.7
Spain,ESP,2021-08-05,53.2,18.5,35.4,31.8
Spain,ESP,2021-08-06,50.5,19.5,34.3,30.9
Spain,ESP,2021-08-07,49,19.6,33.7,30.2
Spain,ESP,2021-08-08,48,20.2,32.1,29.6
Spain,ESP,2021-08-09,46.1,20.2,31.9,28.4
Spain,ESP,2021-08-10,44.4,19.4,32.5,27.8
Spain,ESP,2021-08-11,42.4,19.2,31,27.3
Spain,ESP,2021-08-12,40.5,18.7,29.6,26.2
Spain,ESP,2021-08-13,38.4,17.6,29.1,25.1
Spain,ESP,2021-08-14,37.2,17.3,27.3,24.3
Spain,ESP,2021-08-15,36.5,16.2,27.6,23.3
Spain,ESP,2021-08-16,34.3,16.3,26,22.7
Spain,ESP,2021-08-17,32.2,15.9,25.2,22.1
Spain,ESP,2021-08-18,30.9,15.7,24.1,21.3
Spain,ESP,2021-08-19,29.7,15.4,24,20.8
Spain,ESP,2021-08-20,28.8,15.4,22.9,20.2
Spain,ESP,2021-08-21,28.2,15.2,23.2,19.5
Spain,ESP,2021-08-22,27.6,15.1,22.7,19
Spain,ESP,2021-08-23,27.7,14.6,22.3,18.5
Spain,ESP,2021-08-24,26.8,14.4,21,17.9
Spain,ESP,2021-08-25,25.4,14.2,21,17.5
Spain,ESP,2021-08-26,23.9,13.7,21.2,16.7
Spain,ESP,2021-08-27,22.5,13.3,20.6,16.1
Spain,ESP,2021-08-28,21.5,12.6,19.3,15.4
Spain,ESP,2021-08-29,20.9,12.1,18.8,14.7
Spain,ESP,2021-08-30,19.4,11.6,18.4,13.9
Spain,ESP,2021-08-31,18.3,11.2,17.8,13.4
Spain,ESP,2021-09-01,17.1,10.6,16.9,12.9
Spain,ESP,2021-09-02,15.9,10.4,15.5,12.4
Spain,ESP,2021-09-03,14.6,10.3,14.9,12.1
Spain,ESP,2021-09-04,14.1,9.7,14.2,11.3
Spain,ESP,2021-09-05,13.8,9.6,13.2,10.5
Spain,ESP,2021-09-06,12.9,9.3,12.3,10
Spain,ESP,2021-09-07,12,9.1,12,9.6
Spain,ESP,2021-09-08,11.1,8.9,11.3,9.1
Spain,ESP,2021-09-09,10.5,8.9,10.6,8.7
Spain,ESP,2021-09-10,10,8.7,10.4,7.9
Spain,ESP,2021-09-11,9.6,8.7,10,7.6
Spain,ESP,2021-09-12,9.4,8.4,9.6,7.5
Spain,ESP,2021-09-13,9,7.8,9,7.2
Spain,ESP,2021-09-14,8.5,7.2,8.2,6.9
Spain,ESP,2021-09-15,8.1,7,8.2,6.7
Spain,ESP,2021-09-16,7.8,6.7,7.9,6.3
Spain,ESP,2021-09-17,7.5,5.9,7.2,6.2
Spain,ESP,2021-09-18,7.3,5.4,7.5,5.7
Spain,ESP,2021-09-19,7.2,4.8,6.6,5.5
Spain,ESP,2021-09-20,6.8,4.7,6.5,5.3
Spain,ESP,2021-09-21,6.5,4.8,6.4,5.3
Spain,ESP,2021-09-22,6.3,4.5,6.1,5.1
Spain,ESP,2021-09-23,6.1,4.6,5.7,4.8
Spain,ESP,2021-09-24,5.9,4.6,5.6,4.6
Spain,ESP,2021-09-25,5.9,4.7,4.5,4.6
Spain,ESP,2021-09-26,5.8,4.5,4.1,4.3
Spain,ESP,2021-09-27,5.9,4.4,3.9,4.2
Spain,ESP,2021-09-28,5.6,4.3,4,4.1
Spain,ESP,2021-09-29,5.5,4,3.9,4
Spain,ESP,2021-09-30,5.3,3.6,4,4
Spain,ESP,2021-10-01,5.1,3.6,3.9,3.9
Spain,ESP,2021-10-02,4.9,3.4,3.9,3.8
Spain,ESP,2021-10-03,4.9,3.5,4,3.7
Spain,ESP,2021-10-04,4.7,3.4,3.9,3.6
Spain,ESP,2021-10-05,4.5,3.1,3.7,3.6
Spain,ESP,2021-10-06,4.4,3.2,3.6,3.7
Spain,ESP,2021-10-07,4.3,3.1,3.4,3.8
Spain,ESP,2021-10-08,4.3,3,3.8,3.7
Spain,ESP,2021-10-09,4.2,3,3.9,4
Spain,ESP,2021-10-10,4.2,3,4.3,4.1
Spain,ESP,2021-10-11,4.2,3.1,4.5,4.2
Spain,ESP,2021-10-12,3.8,3.2,4.6,4.3
Spain,ESP,2021-10-13,3.9,3.1,4.8,4.3
Spain,ESP,2021-10-14,4,3.1,5.6,4.4
Spain,ESP,2021-10-15,4.1,3.1,5.8,4.6
Spain,ESP,2021-10-16,4.2,3,6.2,4.5
Spain,ESP,2021-10-17,4.3,3.1,6.2,4.5
Spain,ESP,2021-10-18,4.3,2.9,6.3,4.5
Spain,ESP,2021-10-19,4.8,2.8,6.1,4.5
Spain,ESP,2021-10-20,4.9,2.6,6.3,4.4
Spain,ESP,2021-10-21,4.9,2.8,5.9,4.4
Spain,ESP,2021-10-22,4.9,2.7,5.8,4.3
Spain,ESP,2021-10-23,4.9,2.6,5.5,4.4
Spain,ESP,2021-10-24,5,2.4,5.5,4.5
Spain,ESP,2021-10-25,5,2.4,5.4,4.6
Spain,ESP,2021-10-26,5,2.2,5.9,4.7
Spain,ESP,2021-10-27,5,2.3,5.8,4.7
Spain,ESP,2021-10-28,5.1,2.1,5.6,4.7
Spain,ESP,2021-10-29,5.2,2.4,5.1,5.2
Spain,ESP,2021-10-30,5.3,2.7,5.4,5.2
Spain,ESP,2021-10-31,5.4,3.1,5.1,5.1
Spain,ESP,2021-11-01,4.9,3.3,4.9,5.2
Spain,ESP,2021-11-02,5.2,3.5,4.9,5.2
Spain,ESP,2021-11-03,5.5,3.9,5.2,5.4
Spain,ESP,2021-11-04,5.9,4,5.2,5.9
Spain,ESP,2021-11-05,6.2,3.9,6.1,5.8
Spain,ESP,2021-11-06,6.3,3.7,6.5,6.1
Spain,ESP,2021-11-07,6.4,3.7,7.2,6.3
Spain,ESP,2021-11-08,7.4,3.6,7.4,6.3
Spain,ESP,2021-11-09,7.8,3.8,7.3,6.6
Spain,ESP,2021-11-10,8.2,3.4,7.3,6.8
Spain,ESP,2021-11-11,8.7,3.4,7.6,6.8
Spain,ESP,2021-11-12,9.4,3.7,7.3,7.1
Spain,ESP,2021-11-13,9.9,3.7,7.4,7.3
Spain,ESP,2021-11-14,10.2,3.6,7.3,7.5
Spain,ESP,2021-11-15,11.1,3.5,7.1,8.1
Spain,ESP,2021-11-16,12.1,3.6,7.8,8.4
Spain,ESP,2021-11-17,13.2,4,7.8,8.8
Spain,ESP,2021-11-18,14.2,4.2,8.8,9.5
Spain,ESP,2021-11-19,15.3,4,9.8,9.9
Spain,ESP,2021-11-20,16,4.2,10.3,10.7
Spain,ESP,2021-11-21,16.4,4.7,11.4,11.1
Spain,ESP,2021-11-22,17.4,5,12.5,11.2
Spain,ESP,2021-11-23,18.5,5.2,12.6,11.4
Spain,ESP,2021-11-24,19.8,5.4,13.1,11.6
Spain,ESP,2021-11-25,21,5.6,13.2,11.6
Spain,ESP,2021-11-26,22.3,6.1,13.9,12.1
Spain,ESP,2021-11-27,23.3,6.5,14,12.2
Spain,ESP,2021-11-28,23.8,6.6,14.6,12.7
Spain,ESP,2021-11-29,25.2,6.9,15.6,13.1
Spain,ESP,2021-11-30,26.8,7.2,16.3,13.5
Spain,ESP,2021-12-01,28.7,7.3,17,13.8
Spain,ESP,2021-12-02,30.9,7.4,17.7,13.9
Spain,ESP,2021-12-03,32.9,7.2,17.2,14
Spain,ESP,2021-12-04,34.6,7.2,18.3,14.1
Spain,ESP,2021-12-05,35.9,7.5,18.3,14.5
Spain,ESP,2021-12-06,34.5,7.4,18,15.4
Spain,ESP,2021-12-07,36.4,7.9,19,16.3
Spain,ESP,2021-12-08,35.5,8.3,20.1,16.8
Spain,ESP,2021-12-09,37.6,8.7,20,17.6
Spain,ESP,2021-12-10,41.6,9.5,21.3,18.3
Spain,ESP,2021-12-11,43.8,10.1,21.6,19.3
Spain,ESP,2021-12-12,45.9,10.3,23.2,19.8
Spain,ESP,2021-12-13,53.7,10.8,24.9,20.3
Spain,ESP,2021-12-14,59.2,10.6,25.4,20.5
Spain,ESP,2021-12-15,69,10.5,24.9,21.1
Spain,ESP,2021-12-16,76,10.7,25.7,22.1
Spain,ESP,2021-12-17,83.3,10.7,26.3,23.3
Spain,ESP,2021-12-18,87.3,10.8,26,24.4
Spain,ESP,2021-12-19,91.1,11,25,25.4
Spain,ESP,2021-12-20,102.2,11.7,24.6,26
Spain,ESP,2021-12-21,119.2,12.1,25.1,27
Spain,ESP,2021-12-22,139,12.8,26,28.4
Spain,ESP,2021-12-23,162.2,13.3,26.7,30.7
Spain,ESP,2021-12-24,174.3,13.7,28,32.9
Spain,ESP,2021-12-25,182.2,14.2,30,35.5
Spain,ESP,2021-12-26,194,15.1,30.5,37.8
Spain,ESP,2021-12-27,218,15.6,31.2,39.1
Spain,ESP,2021-12-28,242.8,16,30.8,40.1
Spain,ESP,2021-12-29,267.7,16.4,31.6,41.2
Spain,ESP,2021-12-30,287.4,17.1,31.9,42.3
Spain,ESP,2021-12-31,298.7,18.1,32,43.8
Spain,ESP,2022-01-01,303.1,19.3,31,44.9
Spain,ESP,2022-01-02,310.1,19.4,32.6,44.8
Spain,ESP,2022-01-03,321.2,19.7,31.9,47.1
Spain,ESP,2022-01-04,332,20.9,32.2,49.4
Spain,ESP,2022-01-05,336.4,22.2,32,50.4
Spain,ESP,2022-01-06,307.5,22.5,32.3,52.1
Spain,ESP,2022-01-07,325.2,23.6,32.5,53.7
Spain,ESP,2022-01-08,337.7,23.6,33.4,55.4
Spain,ESP,2022-01-09,345.7,24.3,33.3,58
Spain,ESP,2022-01-10,356.3,25.2,33.5,59.2
Spain,ESP,2022-01-11,357.8,,33.7,59.3
Spain,ESP,2022-01-12,356.6,,33.3,59.2
Spain,ESP,2022-01-13,385.2,,32.5,59.2
Spain,ESP,2022-01-14,378.6,,32.2,57.6
Spain,ESP,2022-01-15,376.1,,30.9,55.9
Spain,ESP,2022-01-16,369.8,,29.3,
Spain,ESP,2022-01-17,362.6,,,
Spain,ESP,2022-01-18,353.4,,,
Spain,ESP,2022-01-19,345.4,,,
United States,USA,2020-10-01,17.1,19.3,,
United States,USA,2020-10-02,17.2,19.7,,
United States,USA,2020-10-03,17.5,20.2,,22.5
United States,USA,2020-10-04,17.5,19.5,,22.7
United States,USA,2020-10-05,17.6,20,,23.2
United States,USA,2020-10-06,17.8,19.9,,23.5
United States,USA,2020-10-07,18.3,19.4,,24.2
United States,USA,2020-10-08,18.7,20,,25.3
United States,USA,2020-10-09,19.2,19.9,,26
United States,USA,2020-10-10,19.6,19.8,,26.7
United States,USA,2020-10-11,20.1,19.8,,27.4
United States,USA,2020-10-12,20.5,20,,27.9
United States,USA,2020-10-13,21,19.9,,28.6
United States,USA,2020-10-14,21.3,20.3,,28.7
United States,USA,2020-10-15,21.7,20.3,,28.7
United States,USA,2020-10-16,22.3,21,,29.2
United States,USA,2020-10-17,22.3,21.4,,29.6
United States,USA,2020-10-18,22.5,22,,30.3
United States,USA,2020-10-19,23.2,22.9,,30.9
United States,USA,2020-10-20,23.7,23.8,,31.4
United States,USA,2020-10-21,24.4,24.1,,31.9
United States,USA,2020-10-22,25.1,24.6,,32.6
United States,USA,2020-10-23,25.9,24,,33.1
United States,USA,2020-10-24,27.1,24.3,,33.9
United States,USA,2020-10-25,28.1,24.8,,34.3
United States,USA,2020-10-26,28.5,24.8,,35
United States,USA,2020-10-27,29.5,25.6,,35.2
United States,USA,2020-10-28,30.3,25.5,,35.5
United States,USA,2020-10-29,31.3,26.1,,35.8
United States,USA,2020-10-30,32.1,26.5,,36.7
United States,USA,2020-10-31,33.1,26.7,,37.5
United States,USA,2020-11-01,33.6,27.4,,38.7
United States,USA,2020-11-02,34.6,28.3,,39.2
United States,USA,2020-11-03,35.9,28.8,,40
United States,USA,2020-11-04,37.6,30.3,,41.1
United States,USA,2020-11-05,39.4,30.9,,42.2
United States,USA,2020-11-06,41.5,31.6,,43.1
United States,USA,2020-11-07,43.6,32.5,,44.2
United States,USA,2020-11-08,45.7,33.3,,45.4
United States,USA,2020-11-09,47.9,34.1,,47.1
United States,USA,2020-11-10,50.7,34.8,,48.8
United States,USA,2020-11-11,52.9,34.7,,50.3
United States,USA,2020-11-12,55.2,36.3,,52.4
United States,USA,2020-11-13,57.6,36.9,,54.4
United States,USA,2020-11-14,59.6,37.4,,56.2
United States,USA,2020-11-15,61.2,38.9,,57.8
United States,USA,2020-11-16,62.8,40.3,,59.4
United States,USA,2020-11-17,63.9,42.6,,60.9
United States,USA,2020-11-18,64.9,45.6,,62.4
United States,USA,2020-11-19,66.5,46.6,,64
United States,USA,2020-11-20,67.5,47.8,,65.4
United States,USA,2020-11-21,68,49.5,,66.7
United States,USA,2020-11-22,68.7,50.7,,68.2
United States,USA,2020-11-23,69.2,52.5,,69.4
United States,USA,2020-11-24,69.5,51.5,,70.2
United States,USA,2020-11-25,70.9,50.2,,70.9
United States,USA,2020-11-26,68.3,49.4,,72
United States,USA,2020-11-27,66.6,49.2,,73
United States,USA,2020-11-28,64.9,49.8,,73.5
United States,USA,2020-11-29,64.3,51.8,,72.3
United States,USA,2020-11-30,63.9,53.9,,73.1
United States,USA,2020-12-01,64.9,58.3,,74.3
United States,USA,2020-12-02,65.8,62.2,,75
United States,USA,2020-12-03,69.9,65.8,,75.8
United States,USA,2020-12-04,73.4,67.2,,76.4
United States,USA,2020-12-05,77,68.9,,77.4
United States,USA,2020-12-06,79,69.6,,79.9
United States,USA,2020-12-07,80.9,72.1,,80.6
United States,USA,2020-12-08,82.8,71.9,,80.6
United States,USA,2020-12-09,83.4,74.4,,81.1
United States,USA,2020-12-10,83,74.6,,81.4
United States,USA,2020-12-11,84.2,76.5,,82.4
United States,USA,2020-12-12,84.8,76.5,,83.5
United States,USA,2020-12-13,85,77.4,,84.6
United States,USA,2020-12-14,85.7,77.5,,85.5
United States,USA,2020-12-15,84.2,80.2,,86.3
United States,USA,2020-12-16,85.4,79.2,,87.1
United States,USA,2020-12-17,87.5,80.3,,88.3
United States,USA,2020-12-18,87,80.5,,88.7
United States,USA,2020-12-19,86.1,81.2,,88.6
United States,USA,2020-12-20,86.5,81.8,,88.6
United States,USA,2020-12-21,85.7,81,,88.7
United States,USA,2020-12-22,85.6,79.6,,89.1
United States,USA,2020-12-23,84.8,76.5,,89.6
United States,USA,2020-12-24,82.3,72.3,,90.1
United States,USA,2020-12-25,77.8,71.4,,90.9
United States,USA,2020-12-26,74.8,71.7,,91.4
United States,USA,2020-12-27,72.9,73.6,,90.7
United States,USA,2020-12-28,72.7,75.9,,89.2
United States,USA,2020-12-29,73.2,79.1,,90.3
United States,USA,2020-12-30,73.8,82.4,,90.8
United States,USA,2020-12-31,75.4,85.4,,90.7
United States,USA,2021-01-01,79.4,85.9,,91
United States,USA,2021-01-02,83.7,85.3,,91.8
United States,USA,2021-01-03,86.6,85.9,,93.1
United States,USA,2021-01-04,86.4,86.3,,94.6
United States,USA,2021-01-05,88.4,87.1,,95.3
United States,USA,2021-01-06,89.6,90.2,,95.5
United States,USA,2021-01-07,91.9,94.3,,96.7
United States,USA,2021-01-08,95.5,96.5,,97.5
United States,USA,2021-01-09,97.3,98.7,,97.8
United States,USA,2021-01-10,98.3,99.1,,98.6
United States,USA,2021-01-11,100,100,,100
United States,USA,2021-01-12,98.6,98.9,,98.8
United States,USA,2021-01-13,96.8,97.3,,98
United States,USA,2021-01-14,94.2,98.2,,96.8
United States,USA,2021-01-15,91.1,98.2,,95.7
United States,USA,2021-01-16,88.7,96.8,,95
United States,USA,2021-01-17,86.4,93.2,,94.4
United States,USA,2021-01-18,83.3,92.4,,93.4
United States,USA,2021-01-19,79.4,93,,92.4
United States,USA,2021-01-20,77.1,94.1,,91.5
United States,USA,2021-01-21,75.2,91.9,,89.7
United States,USA,2021-01-22,72.3,91.5,,87.7
United States,USA,2021-01-23,69.6,90.8,,85.7
United States,USA,2021-01-24,67.3,94.2,,83.9
United States,USA,2021-01-25,66.3,94.7,,82
United States,USA,2021-01-26,66.2,94.8,,80.3
United States,USA,2021-01-27,64.5,93,,78.3
United States,USA,2021-01-28,62.6,92.1,,77.3
United States,USA,2021-01-29,61.1,91.3,,75.9
United States,USA,2021-01-30,59.6,91.9,,74.5
United States,USA,2021-01-31,57.8,89.5,,71.9
United States,USA,2021-02-01,57.4,86.7,,70
United States,USA,2021-02-02,56,83.6,,68.4
United States,USA,2021-02-03,53.2,84.2,,67.2
United States,USA,2021-02-04,51.3,84.2,,65
United States,USA,2021-02-05,49.1,82.2,,63.4
United States,USA,2021-02-06,47.4,79.8,,62.1
United States,USA,2021-02-07,46.3,77.6,,61.2
United States,USA,2021-02-08,43.7,75.5,,60.1
United States,USA,2021-02-09,41.9,76,,58.9
United States,USA,2021-02-10,41.3,72.2,,57.5
United States,USA,2021-02-11,39.9,69.3,,56.2
United States,USA,2021-02-12,38.3,68.3,,54.6
United States,USA,2021-02-13,36.9,67,,52.6
United States,USA,2021-02-14,35.5,62.8,,50.7
United States,USA,2021-02-15,34.1,60.2,,48.8
United States,USA,2021-02-16,32.2,56,,47.4
United States,USA,2021-02-17,30.2,55.7,,46
United States,USA,2021-02-18,28.4,54.6,,44.2
United States,USA,2021-02-19,27,54.6,,43
United States,USA,2021-02-20,26,55.1,,41.8
United States,USA,2021-02-21,25.3,56.3,,40.8
United States,USA,2021-02-22,25.2,55.5,,40
United States,USA,2021-02-23,26,58.3,,39.4
United States,USA,2021-02-24,26.5,56.2,,39.3
United States,USA,2021-02-25,26.7,55.3,,39.1
United States,USA,2021-02-26,26.7,53.4,,38.5
United States,USA,2021-02-27,26.8,52.3,,37.9
United States,USA,2021-02-28,26.6,50.8,,37.1
United States,USA,2021-03-01,26.3,48.9,,36.1
United States,USA,2021-03-02,25.4,43.2,,35.4
United States,USA,2021-03-03,24.9,43.3,,34.5
United States,USA,2021-03-04,24.6,41.9,,33.3
United States,USA,2021-03-05,24,41.1,,32.3
United States,USA,2021-03-06,23.4,39.3,,31.6
United States,USA,2021-03-07,23,37.9,,31.2
United States,USA,2021-03-08,22.5,38,,30.8
United States,USA,2021-03-09,22.4,37.1,,30.2
United States,USA,2021-03-10,22.2,34.3,,30
United States,USA,2021-03-11,21.9,33.1,,29.7
United States,USA,2021-03-12,21.9,32,,29.5
United States,USA,2021-03-13,21.6,31.5,,29.1
United States,USA,2021-03-14,21.8,30.9,,29.1
United States,USA,2021-03-15,21.9,28.6,,28.8
United States,USA,2021-03-16,21.8,26.6,,28.6
United States,USA,2021-03-17,21.8,26.2,,28.5
United States,USA,2021-03-18,21.9,25.1,,28.4
United States,USA,2021-03-19,21.8,24.7,,28.2
United States,USA,2021-03-20,22.2,25.7,,28.2
United States,USA,2021-03-21,22,25.2,,27.9
United States,USA,2021-03-22,22.3,25.5,,28
United States,USA,2021-03-23,22.7,26.1,,28
United States,USA,2021-03-24,23,25.6,,28.1
United States,USA,2021-03-25,23.2,26.2,,28.3
United States,USA,2021-03-26,24,26.4,,28.6
United States,USA,2021-03-27,24.3,24.9,,28.9
United States,USA,2021-03-28,24.7,24.7,,29.1
United States,USA,2021-03-29,25.2,24.1,,29.3
United States,USA,2021-03-30,25.5,23.3,,29.7
United States,USA,2021-03-31,25.6,22.4,,30
United States,USA,2021-04-01,26.1,21.9,,30.1
United States,USA,2021-04-02,25.9,21.5,,30.2
United States,USA,2021-04-03,25.9,20.7,,30.2
United States,USA,2021-04-04,25.4,20.7,,30.4
United States,USA,2021-04-05,25.4,20.2,,30.6
United States,USA,2021-04-06,25.5,20.4,,30.7
United States,USA,2021-04-07,25.8,20.4,,31
United States,USA,2021-04-08,25.9,20.4,,31.6
United States,USA,2021-04-09,26.3,20.2,,32
United States,USA,2021-04-10,26.5,20.9,,32.3
United States,USA,2021-04-11,27,21,,32.7
United States,USA,2021-04-12,27.4,20.9,,33
United States,USA,2021-04-13,27.8,20.6,,33.3
United States,USA,2021-04-14,27.6,20.5,,33.5
United States,USA,2021-04-15,27.4,20,,33.4
United States,USA,2021-04-16,27.1,20.2,,33.4
United States,USA,2021-04-17,27.7,20,,33.5
United States,USA,2021-04-18,27.4,19.9,,33.6
United States,USA,2021-04-19,25.9,19.8,,33.9
United States,USA,2021-04-20,25.1,19.8,,33.9
United States,USA,2021-04-21,24.7,20,,33.9
United States,USA,2021-04-22,24.1,20.1,,33.8
United States,USA,2021-04-23,23.6,19.8,,33.6
United States,USA,2021-04-24,22.1,19.8,,33.4
United States,USA,2021-04-25,21.6,18.9,,32.8
United States,USA,2021-04-26,21.8,19.2,,32.1
United States,USA,2021-04-27,21.3,19.1,,31.5
United States,USA,2021-04-28,20.8,18.9,,31
United States,USA,2021-04-29,20.5,18.7,,30.6
United States,USA,2021-04-30,20,19,,30.1
United States,USA,2021-05-01,19.8,19,,29.7
United States,USA,2021-05-02,19.6,19.6,,29.5
United States,USA,2021-05-03,19.2,19.1,,29.1
United States,USA,2021-05-04,18.8,18.7,,28.7
United States,USA,2021-05-05,18.2,18.8,,28.5
United States,USA,2021-05-06,17.4,18.8,,28
United States,USA,2021-05-07,16.8,18.4,,27.6
United States,USA,2021-05-08,16.2,18.1,,27.1
United States,USA,2021-05-09,15.6,17.8,,26.5
United States,USA,2021-05-10,15.1,17.7,,26.2
United States,USA,2021-05-11,14.6,17.4,,25.7
United States,USA,2021-05-12,14.1,16.9,,25.1
United States,USA,2021-05-13,13.9,16.1,,24.5
United States,USA,2021-05-14,13.4,16.2,,24
United States,USA,2021-05-15,13,16,,23.4
United States,USA,2021-05-16,12.6,16,,22.9
United States,USA,2021-05-17,12.3,15.6,,22.3
United States,USA,2021-05-18,12,15.4,,21.9
United States,USA,2021-05-19,11.6,15.3,,21.4
United States,USA,2021-05-20,10.8,15.1,,21
United States,USA,2021-05-21,10.4,14.5,,20.6
United States,USA,2021-05-22,10,14.4,,20.2
United States,USA,2021-05-23,9.7,14,,19.8
United States,USA,2021-05-24,9.5,13.6,,19.6
United States,USA,2021-05-25,9.2,13.7,,19.4
United States,USA,2021-05-26,9,13.9,,19.3
United States,USA,2021-05-27,8.7,13.5,,19
United States,USA,2021-05-28,8.5,13.3,,18.5
United States,USA,2021-05-29,8.1,12.8,,18.3
United States,USA,2021-05-30,7.9,12.1,,17.9
United States,USA,2021-05-31,7.5,12,,17.4
United States,USA,2021-06-01,6.7,11.7,,16.9
United States,USA,2021-06-02,6.2,11.2,,16.4
United States,USA,2021-06-03,6,11.6,,15.6
United States,USA,2021-06-04,5.7,12.3,,15.3
United States,USA,2021-06-05,5.6,12.7,,14.8
United States,USA,2021-06-06,5.5,12.6,,14.5
United States,USA,2021-06-07,5.6,12.1,,14.2
United States,USA,2021-06-08,5.9,11.7,,13.9
United States,USA,2021-06-09,6.1,10.9,,13.7
United States,USA,2021-06-10,5.9,10.1,,13.7
United States,USA,2021-06-11,5.7,9,,13.3
United States,USA,2021-06-12,5.5,8.5,,13.1
United States,USA,2021-06-13,5.4,8.5,,12.9
United States,USA,2021-06-14,5.3,8.4,,12.7
United States,USA,2021-06-15,5.2,7.9,,12.6
United States,USA,2021-06-16,4.9,7.4,,12.5
United States,USA,2021-06-17,4.7,7.5,,12.2
United States,USA,2021-06-18,4.6,7.8,,12.1
United States,USA,2021-06-19,4.6,8.1,,11.9
United States,USA,2021-06-20,4.6,8.1,,11.7
United States,USA,2021-06-21,4.6,8.1,,11.5
United States,USA,2021-06-22,4.7,8.2,,11.3
United States,USA,2021-06-23,4.7,8.7,,11.2
United States,USA,2021-06-24,4.8,8.6,,11.2
United States,USA,2021-06-25,5,8.5,,11.2
United States,USA,2021-06-26,5.1,8.2,,11.2
United States,USA,2021-06-27,5.2,8,,11.1
United States,USA,2021-06-28,5.3,7.7,,11.2
United States,USA,2021-06-29,5.4,7.5,,11.4
United States,USA,2021-06-30,5.3,7.2,,11.5
United States,USA,2021-07-01,5.4,6.8,,11.6
United States,USA,2021-07-02,5.5,6.6,,11.7
United States,USA,2021-07-03,5.5,6.2,,11.8
United States,USA,2021-07-04,5.5,6.3,,12.1
United States,USA,2021-07-05,5.4,6.4,,12.3
United States,USA,2021-07-06,5.7,6.3,,12.4
United States,USA,2021-07-07,6.3,6.3,,12.5
United States,USA,2021-07-08,6.9,6.3,,12.7
United States,USA,2021-07-09,7.5,6.3,,13.2
United States,USA,2021-07-10,7.9,7.1,,13.7
United States,USA,2021-07-11,8.3,7.2,,14.1
United States,USA,2021-07-12,9.4,7.6,,14.6
United States,USA,2021-07-13,10.3,7.8,,15.2
United States,USA,2021-07-14,11.2,8,,15.9
United States,USA,2021-07-15,11.9,8.2,,16.8
United States,USA,2021-07-16,12.7,8.3,,17.3
United States,USA,2021-07-17,13.3,8.3,,18
United States,USA,2021-07-18,14,8.2,,18.8
United States,USA,2021-07-19,14.9,8.4,,19.6
United States,USA,2021-07-20,15.8,8.5,,20.5
United States,USA,2021-07-21,17.2,8.7,,21.4
United States,USA,2021-07-22,19,9,,22.6
United States,USA,2021-07-23,20.5,9.4,,23.9
United States,USA,2021-07-24,21.7,9.9,,25.4
United States,USA,2021-07-25,22.6,10.7,,26.8
United States,USA,2021-07-26,24.1,11.1,,28.3
United States,USA,2021-07-27,26.1,11.8,,29.8
United States,USA,2021-07-28,27.7,12.2,,31.4
United States,USA,2021-07-29,29.2,12.9,,33.2
United States,USA,2021-07-30,31.3,13.4,,35.1
United States,USA,2021-07-31,32.9,14.3,,36.8
United States,USA,2021-08-01,34,15.2,,39
United States,USA,2021-08-02,35.8,16.2,,41.1
United States,USA,2021-08-03,37.2,17.3,,42.8
United States,USA,2021-08-04,39.2,18.6,,44.5
United States,USA,2021-08-05,40.9,19.7,,46.7
United States,USA,2021-08-06,42.1,20.4,,48.8
United States,USA,2021-08-07,44.3,20.6,,51
United States,USA,2021-08-08,46.2,21.7,,52.9
United States,USA,2021-08-09,45.7,21.1,,54.7
United States,USA,2021-08-10,47.2,22,,56.8
United States,USA,2021-08-11,48.3,23.4,,58.7
United States,USA,2021-08-12,49.6,24.4,,60.5
United States,USA,2021-08-13,50.8,25,,62.4
United States,USA,2021-08-14,51.9,25.5,,64.2
United States,USA,2021-08-15,52.7,26.5,,65.7
United States,USA,2021-08-16,53.6,30.3,,67
United States,USA,2021-08-17,54.4,31.9,,67.8
United States,USA,2021-08-18,55.8,33.4,,68.6
United States,USA,2021-08-19,57.1,34.6,,69.7
United States,USA,2021-08-20,58.2,35.4,,70.7
United States,USA,2021-08-21,58.5,36.6,,71.4
United States,USA,2021-08-22,59.4,38.5,,72
United States,USA,2021-08-23,59.8,39.2,,72.6
United States,USA,2021-08-24,60.5,40.9,,73.4
United States,USA,2021-08-25,61.1,41.9,,73.8
United States,USA,2021-08-26,61.8,43.1,,74
United States,USA,2021-08-27,62.7,44.3,,74
United States,USA,2021-08-28,63.2,44.6,,74.2
United States,USA,2021-08-29,62.7,45,,74.3
United States,USA,2021-08-30,63.6,46.5,,74.2
United States,USA,2021-08-31,64.4,47.5,,73.8
United States,USA,2021-09-01,65.6,48,,73.6
United States,USA,2021-09-02,65.3,48.2,,73.5
United States,USA,2021-09-03,65.4,48.6,,73.8
United States,USA,2021-09-04,64.8,48,,73.6
United States,USA,2021-09-05,65.2,46.8,,73
United States,USA,2021-09-06,63.8,47.1,,72.8
United States,USA,2021-09-07,60.5,48.1,,72.7
United States,USA,2021-09-08,58.8,49.4,,72.4
United States,USA,2021-09-09,59,50.4,,71.1
United States,USA,2021-09-10,58.3,49.9,,70.6
United States,USA,2021-09-11,58.9,50.9,,70.1
United States,USA,2021-09-12,58.5,54.9,,69.9
United States,USA,2021-09-13,58.6,56.2,,69.1
United States,USA,2021-09-14,61.1,55.6,,68.3
United States,USA,2021-09-15,60.7,55.8,,67.5
United States,USA,2021-09-16,59.7,55.2,,67.3
United States,USA,2021-09-17,59,55.3,,66
United States,USA,2021-09-18,57.3,55.3,,64.8
United States,USA,2021-09-19,56.2,55,,63.5
United States,USA,2021-09-20,55,54.6,,62.4
United States,USA,2021-09-21,53.5,54.5,,61.3
United States,USA,2021-09-22,51.7,55,,60
United States,USA,2021-09-23,49.9,54.3,,58.8
United States,USA,2021-09-24,48.5,53.6,,57.8
United States,USA,2021-09-25,46.9,54.4,,56.5
United States,USA,2021-09-26,45.8,53.5,,55.3
United States,USA,2021-09-27,46.4,53.1,,54
United States,USA,2021-09-28,45.3,52.6,,52.9
United States,USA,2021-09-29,44.4,51.5,,51.8
United States,USA,2021-09-30,43.6,51,,50.8
United States,USA,2021-10-01,42.9,50.7,,49.5
United States,USA,2021-10-02,42.1,49.7,,48.4
United States,USA,2021-10-03,41.6,49.4,,47.5
United States,USA,2021-10-04,40.7,48.5,,46.5
United States,USA,2021-10-05,40,47.7,,45.7
United States,USA,2021-10-06,39.5,48,,45
United States,USA,2021-10-07,39,47,,44.1
United States,USA,2021-10-08,38.2,46.1,,43.6
United States,USA,2021-10-09,37.6,44.7,,43.1
United States,USA,2021-10-10,37.1,44.3,,42.5
United States,USA,2021-10-11,36.4,43.4,,42.1
United States,USA,2021-10-12,35.6,42.7,,41.8
United States,USA,2021-10-13,35,41.7,,41.3
United States,USA,2021-10-14,34.1,41.1,,40.8
United States,USA,2021-10-15,33.2,40.9,,40.1
United States,USA,2021-10-16,32.7,42.4,,39.3
United States,USA,2021-10-17,32.1,41.9,,38.9
United States,USA,2021-10-18,31.8,41.8,,38.3
United States,USA,2021-10-19,31.3,41.7,,37.8
United States,USA,2021-10-20,30.1,41.3,,37.3
United States,USA,2021-10-21,29.6,40.2,,36.6
United States,USA,2021-10-22,29,38.7,,35.8
United States,USA,2021-10-23,27.2,37.6,,35.4
United States,USA,2021-10-24,25.7,38.3,,34.7
United States,USA,2021-10-25,27.1,38.1,,34.1
United States,USA,2021-10-26,28.3,37,,33.6
United States,USA,2021-10-27,28.7,36.4,,33.2
United States,USA,2021-10-28,28.4,35.5,,32.7
United States,USA,2021-10-29,28.7,35.3,,32.4
United States,USA,2021-10-30,28.7,35.9,,31.9
United States,USA,2021-10-31,28.5,33.5,,31.6
United States,USA,2021-11-01,30,32.4,,31.4
United States,USA,2021-11-02,28.3,32.1,,31.2
United States,USA,2021-11-03,28.1,31.4,,30.7
United States,USA,2021-11-04,28.4,31.5,,30.6
United States,USA,2021-11-05,28.5,31.3,,30.5
United States,USA,2021-11-06,28.5,31.3,,30.4
United States,USA,2021-11-07,28.8,32,,30.3
United States,USA,2021-11-08,29.3,31.2,,30.2
United States,USA,2021-11-09,29.8,30.2,,30.4
United States,USA,2021-11-10,30.5,30.8,,30.8
United States,USA,2021-11-11,29.5,31.1,,31.1
United States,USA,2021-11-12,31.4,30.9,,31.2
United States,USA,2021-11-13,32.6,30.5,,31.5
United States,USA,2021-11-14,32.7,29.9,,31.7
United States,USA,2021-11-15,33.6,29.9,,32.1
United States,USA,2021-11-16,34.4,30.5,,32.4
United States,USA,2021-11-17,35.3,30,,32.7
United States,USA,2021-11-18,37.6,29.2,,33.2
United States,USA,2021-11-19,37.1,29,,33.8
United States,USA,2021-11-20,36.6,29.4,,34.5
United States,USA,2021-11-21,37,29.8,,34.9
United States,USA,2021-11-22,37.6,29.6,,35.2
United States,USA,2021-11-23,37.8,27,,35.5
United States,USA,2021-11-24,37.8,22.8,,36.2
United States,USA,2021-11-25,35.4,22.1,,36.7
United States,USA,2021-11-26,33.5,22.2,,37.1
United States,USA,2021-11-27,34.1,24.2,,37.2
United States,USA,2021-11-28,35.2,24.4,,36.9
United States,USA,2021-11-29,32,25.8,,37.6
United States,USA,2021-11-30,33.1,29,,38.2
United States,USA,2021-12-01,34.7,32.8,,38.6
United States,USA,2021-12-02,38.8,34.3,,39.1
United States,USA,2021-12-03,42.8,34.6,,39.8
United States,USA,2021-12-04,43.5,33.2,,40.6
United States,USA,2021-12-05,43.4,34.2,,42.4
United States,USA,2021-12-06,48.7,33,,43.1
United States,USA,2021-12-07,49,32.7,,43.8
United States,USA,2021-12-08,48.9,34.1,,44.3
United States,USA,2021-12-09,48.6,33.8,,45.1
United States,USA,2021-12-10,47.6,33.9,,45.9
United States,USA,2021-12-11,47.5,34,,46.8
United States,USA,2021-12-12,47.6,34.2,,47.3
United States,USA,2021-12-13,47.7,35.8,,47.6
United States,USA,2021-12-14,47.6,35.6,,48
United States,USA,2021-12-15,48.5,35.7,,47.9
United States,USA,2021-12-16,49.8,36,,47.7
United States,USA,2021-12-17,51.3,35.9,,47.6
United States,USA,2021-12-18,52.7,36.3,,47.4
United States,USA,2021-12-19,55.3,37.8,,47.4
United States,USA,2021-12-20,59.9,37.3,,47.4
United States,USA,2021-12-21,64.8,36.8,,47.4
United States,USA,2021-12-22,70.3,34.8,,47.9
United States,USA,2021-12-23,77.1,33.3,,48.5
United States,USA,2021-12-24,81.2,33.3,,49.4
United States,USA,2021-12-25,83.2,34.2,,50.7
United States,USA,2021-12-26,89.3,33.9,,51.9
United States,USA,2021-12-27,101.7,33.9,,52.9
United States,USA,2021-12-28,112.7,35.2,,54.9
United States,USA,2021-12-29,126.6,35,,57.8
United States,USA,2021-12-30,144.8,35.6,,62.1
United States,USA,2021-12-31,157.4,35.9,,67.3
United States,USA,2022-01-01,166.5,35.3,,72.8
United States,USA,2022-01-02,177.5,37.9,,78.8
United States,USA,2022-01-03,204,38.3,,84.5
United States,USA,2022-01-04,222.9,41.2,,89.9
United States,USA,2022-01-05,235.7,45.4,,94.9
United States,USA,2022-01-06,247,47.1,,99.8
United States,USA,2022-01-07,269.4,48.4,,104.6
United States,USA,2022-01-08,277.1,50.2,,109.1
United States,USA,2022-01-09,280.3,51.7,,113.5
United States,USA,2022-01-10,302,53.7,,118.1
United States,USA,2022-01-11,306.7,53.8,,120.9
United States,USA,2022-01-12,315,55.4,,123.3
United States,USA,2022-01-13,320.7,57.3,,125.7
United States,USA,2022-01-14,320.2,57.6,,127.8
United States,USA,2022-01-15,321.3,55.2,,129.1
United States,USA,2022-01-16,317.5,52.4,,130.5
United States,USA,2022-01-17,296.6,54.7,,131.5
United States,USA,2022-01-18,302.3,57.2,,131.1
United States,USA,2022-01-19,297.7,60.7,,129.8
United States,USA,2022-01-20,290.4,59.4,,129.2
United States,USA,2022-01-21,286.4,59.1,,128.4
United States,USA,2022-01-22,278,64.2,,127.4
United States,USA,2022-01-23,271.8,67.2,,125.5
United States,USA,2022-01-24,278.2,68.1,,123
United States,USA,2022-01-25,254.1,67.9,,121.3
United States,USA,2022-01-26,242.1,,,120.3
United States,USA,2022-01-27,230.9,,,119